ID,Game Title
1000604311,RESIDENT EVIL REVELATIONS 2 (Episode One)
1002820120,Youtubers Life - OMG Edition
1003487612,Korgan
1007468375,Zuma
100764563,Sniper Elite 4
1007715169,Warhammer: Vermintide 2
1008004246,Steamroll
1008687929,Mortal Kombat X
100870672,Jetpac Refuelled
1011775053,Party Golf
1012216522,Just Cause 4
1013969466,NARUTO TO BORUTO: SHINOBI STRIKER
1015961921,Starpoint Gemini Warlords
1018418364,JYDGE
1019936697,#IDARB
1020187268,Nine Parchments
1022309747,Super Dungeon Tactics
1022548859,Truck Driver
102287491,Marvel's Avengers
102287491,Marvel's Avengers Definitive Edition
102425831,Dead by Daylight
1025057816,Battle Ages
1030018025,Halo Wars: Definitive Edition
1032585022,Phantom Doctrine
103629720,V-Rally 4
1036658396,The Long Journey Home
1037514907,Burnout™ Paradise Remastered
1038499153,A Hat in Time
1038862451,Hyperscape
1039363526,Kona
1040009086,Super Lucky's Tale
1041455564,Pipe Push Paradise
1041486048,DARK SOULS™ III
1045960524,Metro Exodus
1047413393,TERA
1050494527,SSX
1052246602,Awkward
1056139508,Banjo Kazooie: N n B
1060097466,Serious Sam Collection
1064538690,Air Missions: HIND
1068137475,Enigmatis 3: The Shadow of Karkhala
1069384604,Home Sweet Home
1069677406,The Raven Remastered
1069849932,Quantic Pinball
1070294157,The Spectrum Retreat
107791275,FullBlast
1096157207,Modern Warfare® 2
1096157212,Call of Duty®: WaW
1096157269,Call of Duty®: Black Ops
1096157454,Destiny Beta
1100121502,Dishonored® Definitive Edition
111054861,Coffee Crisis
111148378,Shikhondo - Soul Eater
1112934361,Pure
1112934366,Bolt
1112934456,Star Wars Jedi Knight: Jedi Academy
1115757811,Alien: Isolation
112459691,Default Title
1128466386,DEAD RISING
1128640842,The Escapists
1129121800,You're in the Movies
1129121853,DiRT 3
1134837784,SMITE
1136549309,Battlefield 4™ Community Test Environment
1144039928,Halo : The Master Chief Collection
1144039928,Halo: The Master Chief Collection
1145574011,Titanfall™ 2
1145753246,Red Dead Redemption
1159891781,Wolfenstein: The Old Blood
1161889779,NHL® 07
1161889798,Burnout Paradise
1161889840,Left 4 Dead
1161890004,Left 4 Dead 2
1161890018,The Sims™ 3
1161890051,Need for Speed™ Hot Pursuit
1161890128,Battlefield 3™
1169551644,Saints Row: Gat out of Hell
117079432,Rival Megagun
1175562227,Just Cause 3
1178351949,Skate 3
118591686,ONRUSH™
1198088771,FOR HONOR™ Standard Edition
1204533074,Borderlands 2
120934966,DragoDino
1211542442,Valiant Hearts: The Great War
121904051,Fall of Light: Darkest Edition
121960285,Guts & Glory
121979203,Achtung! Cthulhu Tactics
12206284,eFootball  PES 2020
122708266,Psychonauts
1231228627,Fallout 3
1246613109,Borderlands: The Pre-Sequel
1251455286,Metro 2033 Redux
1256782258,Fallout 4
125965001,The Escapists: The Walking Dead
1267471686,DEAD OR ALIVE 5 Last Round: Core Fighters
12734978,Asterix & Obelix XXL 2
1278031123,Resident Evil
1279330263,LEGO Star Wars: TCS
1282426434,Perfect Dark
1285166951, The Elder Scrolls Online: Tamriel Unlimited
1285166951,The Elder Scrolls Online: Tamriel Unlimited
1288959033,Viva Piñata
1289871275,Forza Horizon 3
1297287142,Halo 3 (Xbox 360)
1297287149,Banjo Kazooie: N n B
1297287154,Viva Piñata
1297287176,Halo Wars
1297287213,Gears of War 2
1297287245,Forza Motorsport 3
1297287259,Halo: Reach (Xbox 360)
1297287263,Viva Piñata: TIP
1297287287,Halo 3: ODST Campaign Edition
1297287347,Kinectimals
1297287374,Halo Waypoint
1297287405,Kinect Adventures!
1297287425,Game Room
1297287449,Halo 4 (360)
1297287601,Halo: Combat Evolved Anniversary
1297287625,Forza Horizon
1297287756,The Gunstringer
1297287893,Blinx: The Time Sweeper
1297289123,Age of Empires Online
1297290226,Microsoft Minesweeper
1297290383,Microsoft Minesweeper
1297292157,Halo: Spartan Assault
1302301894,Powerstar Golf
1307429766,Worms Battlegrounds
131518145,KINGDOM HEARTS Ⅲ
1327376519,DOOM
1329549969,Feeding Frenzy
134781024,Grab the Bottle
136002788,Farming Simulator 19
1367952835,Far Cry® 4
137510457,Dishonored®: Death of the Outsider™
137587290,Banjo-Kazooie
1386529057,Battlefield™ 1
139370411,Spec Ops: The Line
1396901851,Hitman: Blood Money
1396901863,Just Cause 2
1397819396,Hitman: Absolution
1397819420,Hitman HD Pack
1398318483,Harms Way
1409343411,Mass Effect
1414596621,Red Faction: Guerrilla
1414793191,Borderlands
1414793202,GTA IV
1414793340,Borderlands 2
141638183,DreamWorks Dragons Dawn of New Riders
1431504852,Assassin's Creed
1431504874,Brothers in Arms: HH
1431504912,Far Cry® 2
1431504950,Cloudy with a Chance of Meatballs
1432033734,Pinball Arcade
143801344,Fumiko!
144125902,Fearful Symmetry & The Cursed Prince
144389848,Destiny 2
144439061,The Evil Within
144763408,Gorogoa
145221391,Call of Duty®: World at War
1464993751,LEGO Batman
1464993789,Mortal Kombat
1475571605,Gears of War: Ultimate Edition
147604411,Dungeons 3
1479758055,Batman™: Arkham Knight
1479895282,PAYDAY 2: CRIMEWAVE EDITION
1479999542,Unravel
1480656849,Hexic HD
1480656862,Worms
1480656881,Feeding Frenzy
1480656883,UNO
1480657002,Boom Boom Rocket
1480657015,Pac-Man C.E.
1480657023,Yaris
1480657079,Castle Crashers
1480657248,Portal: Still Alive
1480657281,Family Game Night
1480657387,Tinker
1480657443,Pinball FX2
1480657456,BattleBlock Theater
1480657511,Dust: An Elysian Tail™
1480657520,Harms Way
1480657521,Doritos Crash Course
1480659447,Minecraft: Xbox 360 Edition
1480659599,Terraria – Xbox 360 Edition
1480659986,Halo: Spartan Assault
1481115666,Build A Buddy
1481115668,Kinect Me
1481115671,Kinect Googly Eyes
1481115674,Avatar Kinect
1481115677,Mutation Station
1482870140,Warframe
1484511986,Battlefield 4
149149959,Lies Of Astaroth
149623797,Time Recoil
1510038194,Fable Anniversary
152270586,FINAL FANTASY XII THE ZODIAC AGE
154176805,Voyage of the Dead
155936527,Street Fighter 30th Anniversary Collection
1560034050,Assassin's Creed® Syndicate
157277421,Big Bash Boom
157772240,The Bard's Tale IV: Director's Cut
1579532320,Sunset Overdrive
1590411380,Mass Effect™: Andromeda
1595954,DRAGON BALL FIGHTERZ
1606375163,Pinball FX3
1610985256,Torchlight III
1611214808,Romancing SaGa 3
1611233848,Steel Assault
1611397130,20XX
1611566668,Inferno 2+
1611656661,Starbound
1611718894,DC League of Super-Pets: The Adventures of Krypto and Ace
1611809839,Undead Horde
1611876144,Queen's Quest 4: Sacred Truce (Xbox One Version)
1611895213,Disney Dreamlight Valley
1612005377,Zazmo Arcade Pack
1612130640,Tcheco in the Castle of Lucio
1612269409,To Hell With The Ugly
161239786,The One We Found
1612654361,0 Degrees
1612838382,39 Days to Mars
1613171538,Spacelines from the Far Out
1613695074,Five Nights at Freddy's 3
1613805570,Void Vikings
1614140148,Miracle Snack Shop
1614240330,Baldur's Gate: Dark Alliance
1615197965,Let's Build a Zoo
1615298005,ACA NEOGEO THE LAST BLADE 2
1615800494,Stunt Kite Party
1616046491,Gears Tactics
1616046491,Gears Tactics - Base Game
1616365132,Papa's Quiz
1616416916,TORINTO
1616852724,Full Throttle Remastered
1616900566,Hyper Jam
1617379046,Zoffice
1617811156,The Adventures of 00 Dilly®
1617966762,Black Survival: Eternal Return
1618089984,Dead Ground
1618115231,Bullet Beat
1618662965,Garfield Kart Remaster
1618794811,Solitaire 3D
1618795137,Darker Skies
1619218235,Fall Guys: Ultimate Knockout
1619226313,Sky Rogue
1619256516,Cave Digger
1619542068,Dawn of Man
1619933938,The Survivalists
1620274602,Cricket 19
1620740906,ACA NEOGEO METAL SLUG 3
1621285366,DOOM (1993)
1622119739,Urban Flow
1622132960,Dead Cells
1622218170,Street Outlaws
1622466190,Sparklite
1622504987,Family Mysteries 2: Echoes of Tomorrow (Xbox One Version)
1622731815,Rise Eterna
1622859130,Valfaris
1622916447,Liquid Sunshine
1623383424,Evergate
1623503769,RiMS Racing
1623629655,Lost Artifacts: Soulstone
1624072675,Speed 3: Grand Prix
1624083933,BALAN WONDERWORLD
1624264477,Taiko no Tatsujin: The Drum Master!
162448742,Outer Wilds
1624572870,Ni no Kuni II: Revenant Kingdom PRINCE’S EDITION
1624636074,Call Of Duty Cold War
1624643031,Ritual: Crown of Horns
1624743884,Persona 3 Portable
1624814459,Dungeon Scavenger
1625265143,MageQuit
1625295262,Shadow Fencer Theatre
1625301419,Within the Blade
1625709491,Undead Horde 2: Necropolis
1625928155,Exodemon
1626267222,Double Dragon 4
1626294633,Switch 'N' Shoot
1626753413,Oliver's Adventures in the Fairyland
1626766666,Noob - The Factionless
1627000312,Ikenfell
1627078127,A Tale For Anna
1627145602,Sisters Royale: Five Sisters Under Fire
1627281209,FUSER™
1627444318,Backbone
1627622889,Warhammer Quest 2: The End Times
1627998028,Unruly Heroes
1628427609,Daggerhood
1628468632,Super Tennis Blast
1628516715,Apex Legends
1628599213,Doodle Mafia: Crime City
1628655423,Play the Show
1628688048,Atomic Heart
1628698678,Thief Simulator
1628737049,Childs Sight
1628746110,Zero Strain
1628797310,Dreaming Sarah
1628806449,Potion Craft: Alchemist Simulator
1629004246,We Love Katamari REROLL+ Royal Reverie
1629043783,River City Girls
1629278465,Kid Tripp
1629584756,Slide Stars
1629612470,Outbreak: Epidemic Definitive Edition
1630329125,Miden Tower
1630662193,Zombieland
1630842267,Puzzle by Nikoli W Yajilin
1631055981,Worms Rumble
1631182073,Mulletman and the Molemen
1632339731,BRUTAL RAGE
1632843296,Pillars of Eternity 2: Deadfire
1632843296,Pillars of Eternity II: Deadfire - Ultimate Edition
1633443419,Crimson Spires
1633674805,Butterfly (for Windows 10)
1633778685,The Stanley Parable: Ultra Deluxe
1634118154,Football Manager 2021 Xbox Edition
1634336034,ACA NEOGEO NEO TURF MASTERS
1634482046,Super Arcade Soccer 2021
1634565765,NHL™ 94 REWIND
1634720918,Ultimate Custom Night
1634824534,Iconoclasts
1634898195,Darkwood
1635445457,Oniken: Unstoppable Edition
1635653833,NeuroBloxs
1635661974,Bladed Fury
1635723607,Overwatch
1635790563,Infliction
1635790563,Infliction: Extended Cut
1635848764,Robozarro
1636159338,Journey of the Broken Circle
1636827856,DiRT Rally 2.0
1636871347,Yakuza Kiwami (PC)
1636920276,Ghost Sweeper
1637474900,Spacejacked
1637601167,Nexoria: Dungeon Rogue Heroes
1637686590,Enter Digiton
1637803876,Dungeon Defenders II
1637937789,Orbibot
1638283108,Golem Gates
1638650050,Half-Life: Alyx
1638973441,Human Fall Flat
1639060910,Minecraft Legends
1639119975,Among Us
1639144264,M.A.C.E. Space Shooter
1639220334,Exo One
1639343843,Dark Quest 3
1639995109,The Dark Crystal: Age of Resistance Tactics
1641460880,ACA NEOGEO SAMURAI SHODOWN IV
1641758497,Golf Zero
1642117382,Lost Artifacts: Golden Island
1642225842,RoboPhobik
1642253259,The Language Of Love
1642329913,Professor Rubik's Brain Fitness
1642353875,Craftopia
1642866832,Landflix Odyssey
1642942095,CONTRA: ROGUE CORPS
1642970638,ACA NEOGEO SAMURAI SHODOWN
164371165,LEGO Star Wars: TCS
1644028139,Pillars of Eternity 2 - PC
1644377505,Allison's Diary: Rebirth
1644577583,Ion Fury
1644860924,Gato Roboto
1645572933,Starlit Kart Racing
1645577996,Must Dash Amigos
1645646111,Alvastia Chronicles
1645809691,Glaive: Brick Breaker
1645917629,Explosive Jake
1646140981,Double Kick Heroes
1646285430,Space Hulk: Tactics
1646978734,Police Simulator: Patrol Officers
1646985614,Space Jam: A New Legacy - The Game
1647070017,Yoko & Yuki: Dr. Rat's Revenge
1647566775,CD-RUN
1647606257,Awesome Pea
1648049613,An Evil Existence
1648052713,Déjà Vu
1648318214,The Lord of the Rings: Gollum™
1648619937,Edge of Eternity
1648684496,Sonic Origins
1648742604,Super Blood Hockey
1648951692,Ary and the Secret of Seasons
1649097896,SnowRunner – Windows 10
1649642799,Neonwall
1649675719,Max: The Curse of Brotherhood
1649733312,Food Truck Tycoon
1649891267,Doom & Destiny Worlds
1650593751,Calico
1651248133,Metal: Hellsinger (Xbox Series X|S & PC)
1651580938,Aggelos
1651981610,The Bluecoats - North & South Remaster
1652583920,Odium to the Core
1652661000,Rugby Challenge 4
1652720688,Terraria
1652829137,Mushroom Savior (For Windows 10)
1652862446,Super Mega Baseball™ 4
1652872616,Memoranda
1652981346,ScourgeBringer
1653423732,Party Jousting
1653694302,FINAL FANTASY VIII Remastered WINDOWS EDITION
1653931031,Let's Sing 2021 mit deutschen Hits
1654870769,Reed 2
1654990488,Rune Factory 4 Special
1655169070,Boss 101
1655310402,SELF: Where's my father
1655378478,ACA NEOGEO MAGICAL DROP III
1655939920,Puyo Puyo Champions
165599118,Prominence Poker
1656081678,Outbreak: The New Nightmare Definitive Edition
1656145947,Moonlighter
1656463781,Genetic Disaster
1656566221,Risk of Rain 2
1656755741,The Fairy's Song
1657204030,Mr. Pumpkin 2: Kowloon walled city
1657308331,ASCENDANCE
1657592195,Gutwhale
1657689138,Worms W.M.D
1657835461,Gods Will Fall
1657880578,#WarGames
1657986766,KAUIL’S TREASURE
1658011770,Banjo Kazooie: N n B
1658477123,Unturned
1659192294,Aery - A Journey Beyond Time
1659804324,Ori and the Will of the Wisps
1659893240,Hellbreachers
1660320477,Famima
1660320477,Undertale
1660733075,Metro Exodus (Windows)
1660850673,3 out of 10: Season One
1661176840,Long Ago: A Puzzle Tale
1661545526,Orcs Must Die! 3
1662257169,What The Dub?!
1662914480,Aery - Little Bird Adventure
1662977443,Crashbots
1662990136,Blind Men
1663414564,ACA NEOGEO FATAL FURY 3
1663499633,Mushroom Quest
1663540846,ACA NEOGEO THE ULTIMATE 11: SNK FOOTBALL CHAMPIONSHIP for Windows
1664110632,R-Type Final 2 (Xbox One and Series X)
1664137567,Crystal Rift
1664288261,Dying Light
1664492743,Call of Duty®: Black Ops II
1664735575,Illusion of L'Phalcia
1664766972,Void Gore
1664817482,Blue Fire
1665026867,Golf Club: Wasteland
1665119125,Demon Hunter: Riddles of Light
1665570273,FoxyLand
1665613490,Horse Club Adventures 2: Hazelwood Stories
1665945722,Harmony: The Fall of Reverie
1666214543,Radio Squid
1666494489,Tanky Tanks
1666577136,Farm for your Life
1666801480,Dunk Lords
1667615573,Super Weekend Mode
1667877464,Final Fantasy XIV Online: A Realm Reborn
1667881927,Redfall
1667928394,Halo Wars 2
166838924,Joy Ride Turbo
1668408788,Ravensword: Shadowlands - Xbox One Edition
1668884999,Access Denied
1669006511,ACA NEOGEO CYBER-LIP for Windows
1669104291,Blitz Breaker
1669152064,Dreamscaper
1669161378,Path of Sin: Greed (Xbox One Version)
1669996905,Train Sim World® 3
1670160457,Gaijin Charenji 1 : Kiss or Kill
1670314880,City Limits
1670850723,ACA NEOGEO METAL SLUG 4 for Windows
1670858085,Sally’s Law
1670916141,Forgotton Anne
1671113577,Chess Knights: Shinobi
1671593500,Heat
1671676860,Snakeybus
1671883571,Beyond Enemy Lines 2
1672045983,Feather
1672051495,Rising Hell
1673787135,Rain on Your Parade
1673805558,Simulacra
1673810447,Tony Stewart's All-American Racing
1674517129,Knights of Pen & Paper 2 Deluxiest Edition
1674927377,Shame Legacy
1675121339,Football Manager 2020
1675176110,The Outer Worlds Windows 10
1675466746,Solos
1675736902,ACA NEOGEO SAMURAI SHODOWN III
1676268108,Trollhunters: Defenders of Arcadia
1676323927,Crown of the Empire
167646986,Flipping Death
1676570198,Protodroid DeLTA
1676799970,Spartan Fist
1676847362,Tobuscus Adventures: Wizards
1677004965,FINAL FANTASY VII
1677025209,Wolfenstein: The New Order (PC)
1677459893,Super Wiloo Demake
1677911053,Red Wings: Aces of the Sky
1678122551,Furwind
1678270415,Farm Together
1678390358,Mushroom Savior
1678543324,Aragami 2
1678552815,Mahjong Adventure DX
1678666345,Megaquarium
1678730360,Mail Mole
1678904526,Bone Marrow Console Edition
1679173794,MotoGP™21
1679305719,Yonder: The Cloud Catcher Chronicles
1679505567,Moto Rush GT
1679509385,Kill It With Fire
1679589975,Mortal Shell
1679589975,Mortal Shell: Enhanced Edition
1679830701,Shing!
1679835971,Deliver Us The Moon
1679847034,Batbarian
168101896,Dreamfall Chapters
1681220621,STAR WARS™ Battlefront™
1681695472,Tales of Vesperia_PC_Base Game
1681906584,From Earth to Heaven
1682174654,Monster Harvest
1682210869,TITAN SLAYER
1682273028,Downtown Special Kunio-kun's Historical Period Drama!
1682659740,RuneStone Keeper
1682735559,9 Monkeys of Shaolin
1683139298,Newt One
1683175225,The Forbidden Arts
1683639722,Get 10 Quest
1684323586,GreedFall - Windows 10
1684384721,Golden Force
1684494638,Rigid Force Redux
1684613875,HORROR TALES: The Wine
1684926097,Megaquarium
1685135803,NHL™ 22 Xbox One
1685342709,Timespinner
1685398815,Minoria
1685466605,Commander ’85
1685514435,Shalnor Legends: Sacred Lands
1685569245,Listeria Wars
1686368600,A Plague Tale: Innocence - Windows 10
1686804958,Convoy: A Tactical Roguelike
1687017494,Soul Shifter
1687285537,Floor Plan: Hands-On Edition
1687388278,KINGDOM HEARTS - HD 1.5+2.5 ReMIX -
1687542728,Family Mysteries: Poisonous Promises (Xbox One Version)
1687580905,Pillar
1687588412,Street Fighter™ 6
1687693597,Assetto Corsa Competizione
1687910025,Mahjong by Microsoft
1688198598,ACA NEOGEO BLAZING STAR
1688839217,The Elder Scrolls V: Skyrim Special Edition (PC)
1688903402,Vasilis
1689193187,The Count Lucanor
1689362557,Max Payne 3
1689936313,Little Big Workshop
1690071668,Freddy Spaghetti
1690207976,Modern Tales: Age of Invention (Xbox One Version)
1690272430,Regalia: Of Men and Monarchs - Royal Edition
1690462158,Dauntless
1690468494,DEATHLOOP
1690514608,Skatemasta Tcheco
1690524168,Wo Long: Fallen Dynasty
1691013379,Secret Neighbor
1691092579,Baron: Fur Is Gonna Fly
1691269064,Shadow Warrior 2 Win 10
1691312526,Tour de France 2023
1691343851,IN-VERT
1691955008,TOKI Juju Densetsu
1692202568,Madness Beverage
1692217533,Stones of the Revenant
1692346754,Animus: Revenant
1692546142,Two Point Hospital™
1692559022,Animus - Stand Alone
1692674698,Hardspace: Shipbreaker
1692871917,Frozen Free Fall: Snowball Fight
1693050229,Madden NFL 22 Xbox One
1693340366,Hogwarts Legacy Xbox One Version
1693340366,Hogwarts Legacy Xbox Series X|S Version
1693393910,Othercide
1693450318,Hunt: Showdown
1693500094,Grass Cutter - Mutated Lawns
1693651580,Bow to Blood
1693769729,ACA NEOGEO NAM-1975
1694054782,Forza Motorsport 6
1694250070,Super Animal Royale
1694362955,Bai Qu: Hundreds of Melodies
1694487955,Life is Strange: True Colors
1694490701,FuzzBall
1694657478,Amnesia: Rebirth
1694926512,Akinofa
1695141626,Lucasfilm Classic Games: Zombies Ate My Neighbors & Ghoul Patrol
1695392136,Tormented Souls
1695618656,Book of Demons
1695638358,Vampire Survivors
1696173302,RIDE 4
1696900915,Aritana and the Twin Masks
1697327394,Disjunction
1697386135,Chicken Police - Paint it RED!
1698038870,Savage Halloween
1698538174,Splash Blast Panic
1698736128,Guts 'N Goals
1698746853,MotoGP™23
1698796012,Bloons TD 6
1698840007,Beholder 2
1698914731,My Big Sister
1699062321,GONNER2
1699368577,Zero Zero Zero Zero
1699783391,Seasons of the Samurai
1699788094,MotoGP20 - Microsoft Store
1699837949,ACA NEOGEO ALPHA MISSION II
1700125109,Hidden Through Time
1700344676,Ghostbusters: The Video Game Remastered
1700516900,NINJA GAIDEN 3: Razor's Edge
1700516900,Ninja Gaiden 3: Razor's Edge
1701108859,HITMAN 3
1701185401,ACA NEOGEO AGGRESSORS OF DARK KOMBAT for Windows
1701200455,ACA NEOGEO 2020 SUPER BASEBALL
1701212022,The Jackbox Party Pack 8
1701683366,Let's Sing 2020 mit deutschen Hits
1701706628,Harvest Moon: Mad Dash
1702241488,Evil Wizard(Xbox)
1702244274,Autumn's Journey
1702363847,Rover Mechanic Simulator
1702522370,Mountain Truck Simulator
1702524932,Power Rangers: Battle for the Grid
1702713376,Genesis Noir
1702750733,Huntdown
1703086168,Microsoft Sudoku
1703270586,Kingdom Come: Deliverance (Windows)
1703518315,Neoverse
1703613380,Garry's Mod
1704091492,OkunoKA Madness
1704142080,Warhammer: Chaosbane Enhanced Edition
1704224301,Devious Dungeon
1704351342,Hello Neighbor 2
1704468348,MechaNika
1704625304,Top Run
1704782946,How to take off your Mask Remaster
1705868586,Dangerous Driving
1705964057,Nongunz: Doppelganger Edition
1705990324,Space Engineers
1706007518,Nexomon: Extinction
1706203022,Gravity Thrust
1706704659,Eldest Souls
1706812340,SturmFront - The Mutant War: Ubel Edition
1706883902,Werewolf: The Apocalypse - Heart of the Forest
1706896876,A HERO AND A GARDEN
1706976503,Super Destronaut DX-2
1707142453,WWE 2K23 for Xbox Series X|S
170773198,The Evil Within® 2
1708138487,Super Toy Cars 2
1708373881,Your Computer Might Be At Risk
1708380015,Arizona Sunshine
1708537584,神巫女
1708649485,W.O.R.L.D.S: Win Own Reinvent Live Discover Sim
1708767297,Ryse: Son of Rome
1709081298,Nocturnal
1709106662,Cricket 19 Windows 10
1709573089,Birthday of Midnight
1709625152,Minigolf Tour
1710095421,Super Space Serpent SE
1710190632,RiMS Racing - Scarlett
1710195375,Age of Solitaire : Build Civilization
1710204513,Four Kings: Video Poker
1710623049,ACA NEOGEO THE KING OF FIGHTERS '97
1710716754,Crypto by POWGI
1710719518,Dungeon Escape: Console Edition
1710760519,Off And On Again
1710837755,Wizodd
1710968984,Planescape: Torment and Icewind Dale: Enhanced Editions
1711246316,Cuccchi
1711332838,KH MoM JP
1711534896,Roundguard
1711563707,House Flipper
1711793977,Lost Words: Beyond the Page (Win 10)
1712038382,Mystery Mine
1712105499,DRIFTCE
1712220535,Crossbow Crusade
1712366974,PC Building Simulator
1712385617,Greyhill Incident - Abducted Edition
1712757078,Light Fairytale Episode 1
1713029347,Tennis World Tour 2 - Scarlett
1713279767,Energy Cycle Edge
1713297760,My Brother Rabbit
1713543499,Colossus Down
1713821027,Park Beyond
1713862219,Swim Out
1713876987,Wandersong
1714151217,Blair Witch
1714206399,R.B.I. Baseball 21
1714277938,Murder Diaries
1714434521,Firefighting Simulator - The Squad
1714878640,60 Seconds!
1714978774,Zeroptian Invasion
1715085609,LoveChoice
1715186656,GREEN VIDEO GAME
1715299624,LA-MULANA
1715349030,Asphalt 9
1715349030,Asphalt 9: Legends
1715352825,Five Nights at Freddy's 2
1715577372,Chained Echoes
1716000526,Where the Snow Settles
1716144881,ACA NEOGEO ART OF FIGHTING
1716307053,Tamiku
1716409839,Tacticool Champs
1716433734,Saints Row IV: Re-Elected
1716484580,Potata: fairy flower
1716519363,Collapsed
1716669263,Levelhead
1717113201,Sea of Thieves
1717113201,Sea of Thieves 2023 Edition
1717134406,Immortal Realms (Win)
1717172856,Another Sight
1717234675,Draugen
1717710701,Techno Tanks
1717828260,Bloodstained: Curse of the Moon 2
1717888621,Galaxy Control: Arena
1717959976,Alluris
1718047845,Tannenberg
1718478232,ACA NEOGEO FATAL FURY
1718503808,Life of Fly 2
1718545023,Sunset Overdrive
171869406,War Thunder
1718697574,OCTOPATH TRAVELER
1718892809,Knockout City™
1719118328,ACA NEOGEO PUZZLE BOBBLE 2 for Windows
1719226996,ACA NEOGEO THE KING OF FIGHTERS 2003 for Windows
1719360585,Gelly Break Deluxe
1719470969,Asdivine Kamura
1720462396,Scarlett Mysteries: Cursed Child (Xbox One Version)
1720478789,Gas Station Simulator
1720533230,Forza Street
1720633196,Minecraft Dungeons for Windows
1720914268,Street Racer Underground
1721217822,Drake Hollow
1721223782,Katamari Damacy Reroll_Windows
1721685011,ACA NEOGEO OVER TOP
1721889204,Call of The Sea W10
1722439253,The Penguin Factory
1722525153,Tank Brawl 2: Armor Fury
1722589630,Dice Legacy Definitive Edition
1722658518,Star Crossed
1722708396,Love Shore
1723298499,Where the Bees Make Honey
1724248771,METAGAL
1724538394,Cris Tales Win 10
1724606671,Animal Friends Adventure
1724648822,Untitled Darkness
1724902545,Whipseey and the Lost Atlas
1725136156,Tacoma
1725147420,Lost Ember
1725237513,Autobahn Police Simulator 2
1725517776,Glittering Sword
1725567866,Devious Dungeon 2
1726007892,Fantasy General II: Invasion
1726129713,Planet Coaster
1726193820,Legend of the Tetrarchs
1726196768,The Touryst
1726220893,Knightin'+
1726671134,Double Cross
1726756158,Spiritfarer
1726756158,Spiritfarer®: Farewell Edition
1726842035,Unichrome: A 1-bit Unicorn Adventure
1727107851,Blast Zone! Tournament
1727273780,Observation
1727304779,The Darkside Detective: A Fumble in the Dark
1727373196,STAY COOL KOBAYASHI-SAN!: A RIVER CITY RANSOM STORY
1727379133,Tinykin
1727518605,Hungry Shark Evolution
1727613823,Overcooked! 2
1727835390,Arkham Horror: Mother’s Embrace
1728105232,Assassin's Creed Valhalla
1728105232,Assassin's Creed® Valhalla
1728510344,Twin Breaker: A Sacred Symbols Adventure
1728966870,A Summer with the Shiba Inu
1729124821,SuperMash
1729495211,Alder's Blood
1729593698,Omno
1729654407,Company of Heroes 3
1729691718,ACA NEOGEO PULSTAR
1729965680,Do Not Feed the Monkeys
1730368869,Bloodroots
1730762164,SINNER: Sacrifice for Redemption
1731121397,The Quarry for Xbox One
1731202267,Need for Speed™ Unbound
1731520158,Myst
1732740414,Wargroove
1732788961,Knights & Guns
1733044130,Madden NFL 22 Xbox Series X|S
1733173772,The Bard's Tale Trilogy
1733215481,Race with Ryan
1733288013,ACA NEOGEO THE KING OF FIGHTERS '98
1733662238,Endurance: Space Action
1733855657,Tech Glitch
1733990238,Supraland: Six Inches Under
1734028375,Sin Slayers: Enhanced Edition
1734092917,Spirit of the North: Enhanced Edition
1734270177,SENSEs: Midnight
1734360416,Captain Cat
1734964144,Ghosts 'n Goblins Resurrection
1735266252,Battle Princess Madelyn
173582018,Banjo-Tooie
1735843094,Trover Saves the Universe
1735845764,The Talos Principle
1735946683,Royal Assault
1736201364,Button City
1736333412,The Last DeadEnd
1736384528,Ben 10: Power Trip
1736409202,DEEEER Simulator: Your Average Everyday Deer Game
1736678881,Bleeding Edge
1736697479,Smart Moves
1737329553,Total War: Warhammer III
1737346272,Neverwinter Nights: Enhanced Edition
1737514117,Reed Remastered
1738186740,Battlefield 4
1738477013,Deep Space Rush
1738493440,Subdivision Infinity DX
1738916410,Railbound
1739313000,Enclave HD
1739375565,Minecraft Dungeons
1739510140,Bug Academy
1739676808,Police Chase
1739816952,Golf Peaks
1739947436,Minecraft for Android
1740009713,Clumsy Rush
1740083396,Animal Doctor
1740159483,One Word by POWGI
1740172423,Totally Reliable Delivery Service
1740300956,Neighbours from Hell
1740517029,West of Dead
1740970769,Project Starship X
1741114585,Hive Jump
1741459509,Ape Out
1741623548,Under Leaves
1741728886,Arcade Paradise
1741967313,Edna & Harvey: Harvey´s New Eyes
1742041321,Sable's Grimoire
1742283736,Asdivine Menace
1742971944,Cybarian: The Time Traveling Warrior
1743190534,Speed Limit
1743311963,Sam & Max Save the World
1743668170,World Soccer Strikers '91
1743721046,Lucy Dreaming
1744298534,Catlateral Damage: Remeowstered
1744307136,Aquarist
1744569178,Rusty Spout Rescue Adventure
1744726864,Enlisted
1744726864,Enlisted Xbox One
1744810902,Chess Gambit
1745314691,Psychonauts 2
1745554488,ACA NEOGEO PUZZLED
1745696189,The Walking Vegetables: Radical Edition
1745918155,Mixups by POWGI
1746366899,Attack of the Earthlings
1746503914,Aborigenus
1747564672,Microsoft Treasure Hunt
1748082203,Trenga Unlimited
1748114593,Before I Forget
1748769487,The Jackbox Party Pack 6
1748963818,Warrior Boy Xbox
1749227385,Rex Rocket
1749356989,Maximum Football 2020
1749440700,Mekorama
1749676903,Two Point Campus
1749806231,Keep Talking and Nobody Explodes
1750324834,Driving Essentials
1750555114,El Hijo - A Wild West Tale
1751090642,Kaze and the Wild Masks
1751239168,Down in Bermuda
1751266892,Farm Frenzy: Refreshed
1751313192,Persian Nights 2: The Moonlight Veil (Xbox Version)
1751733247,Doki Doki Literature Club Plus!
1751973977,Gears of War: Ultimate Edition for Windows 10
175227487,Apex Legends™
1752292722,World Enduro Rally
1752331738,One Leaves
1752550996,The Amazing American Circus
1753333721,Marenian Tavern Story: Patty and the Hungry God
1753346763,We. The Revolution
1753525435,R-TYPE FINAL 2
175365432,Nightmares from the Deep 3: Davy Jones
1754131976,A Fold Apart
1754337118,The King's Bird
1755111561,Miles & Kilo
1755178191,Duck Life Battle
1755179727,Grim Fandango Remastered
1755180052,Yakuza 3
1755180052,Yakuza 3 Remastered
1755599316,Age of Empires Definitive Edition
1756421327,Teenage Mutant Ninja Turtles: Shredder's Revenge
1756566674,Spencer
1756584367,The Mosaic
1756919443,WWE 2K23 for Xbox One
1757128615,#Funtime
1757277224,Super Mega Space Blaster Special Turbo
1757462338,Ni no Kuni Wrath of the White Witch™ Remastered
175755835,Felix The Reaper
1757653087,Aircraft Evolution
1757844217,Islanders
1758146600,Escape From Tethys
1758359164,ACA NEOGEO AERO FIGHTERS 2
1758562287,Ultrawings
1758578804,LOUD: My Road to Fame
1758796660,Wobbly Life
1758816552,Car Demolition Clicker
1759027413,Grim Legends: The Forsaken Bride (Xbox Series Edition)
1759275046,The Great Perhaps
1759339651,Indivisible PCGP
1759805434,Narita Boy
1760385479,Pile Up!
1760551143,Touhou Luna Nights
1760622022,Summer Sports Games
1760893557,Warlander
1761060600,Happy Wars
1761109525,My Universe - School Teacher
1761610960,Cold Silence (for Windows 10)
1761788696,Tennis World Tour 2
1761882488,Towaga: Among Shadows
1761955784,Dark Sauce
1762047744,Destiny 2
1762067709,Butterfly 2 (for Windows 10)
1762541851,Defend the Bits VR
1762712365,Stellaris
1762877003,Shadows of Kurgansk
1762897228,Outbreak: Lost Hope
1762910874,I Am Hero
1763122581,Stranger Things 3: The Game
1763187780,Claws of Furry
1763229627,Fuga: Melodies of Steel 2
1763236945,AFL Evolution 2
1763468342,ACA NEOGEO THE LAST BLADE
1763558052,Mad Games Tycoon
1763638559,Crash Drive 3
1763680989,Space Science Investigations
1764107912,Yakuza 4 (PC)
1764533708,Russian Subway Dogs
1764831145,Tokyo Warfare Turbo
1764927079,Pirates Pinball
1765316320,Sentinels of Freedom
1765317358,ACA NEOGEO STRIKERS 1945 PLUS for Windows
1765548923,Crystal Ortha
1766089184,GoldenEye 007
1766907656,MotoGP™21 - Xbox Series X|S
1766988078,Morkredd
1767095703,Selma and the Wisp X
1767674924,Persephone
1767858132,RemiLore
1767974553,Cozy Grove
1767988502,Lost Wing
1768081511,Crusader Kings III
1768097848,Carto (Win 10)
1768344349,Mina & Michi
1768499765,112th Seed
1768777160,ACA NEOGEO POWER SPIKES II
1769300522,Last Stop
1769592885,GUNDAM EVOLUTION
1769809772,Royal Tower Defense
1770092694,Going Under
1770151400,Antiquia Lost
1770238303,Smart Moves 2 (for Windows 10)
1770850144,ACA NEOGEO BASEBALL STARS 2 for Windows
1771004118,Sniper Elite 5
1771664199,ACA NEOGEO PLEASURE GOAL： 5 ON 5 MINI SOCCER for Windows
1771770355,The Forgotten City
1772059556,Ballotron
1772304991,Super Star Blast
1772442243,Star Hunter DX
1772875348,Outbreak: The Nightmare Chronicles Definitive Edition
1773043121,inbento
1773068328,Rodent Warriors
1773142063,ENDER LILIES
1773431897,Yakuza 6: The Song of Life
1773817392,Rise of Insanity
1773956150,Synchro Hedgehogs (for Windows 10)
1774356906,Toadomination
1774500212,Shantae: Risky's Revenge
1774669257,Oneiros
1775353777,RESEARCH and DESTROY
1775378200,Sephirothic Stories
1775966138,PBA Pro Bowling 2021
1775967989,Surviving Mars
1776537169,NINJA GAIDEN Σ2
1776750293,Active Soccer 2019
1776785850,Arkan: The dog adventurer
1777058720,Yakuza 5 Remastered
1777299042,Endless Fables: Shadow Within
1777656573,Vanquish
1777668222,GRID Legends
1777860928,Microsoft Flight Simulator
1777903168,Clocker
1778298055,Void Bastards
1778348973,Grand Theft Auto Online
1779648042,Alwa's Awakening
1780184182,Clea 2
1780268897,Harvest Moon: Light of Hope SE Complete
1781023780,The Medium
1781089938,The VideoKid
1781154919,AlienCruise
178127013,Danger Zone 2
1781344339,Control - Xbox Series X
1781365913,Monster Train
1781463671,Spirit Arena
1781996402,Batu ta Batu
1783404014,The Tower of Beatrice
1783702427,AEW: Fight Forever
1784134484,Dog Duty
1784389929,Raining Blobs
1784625849,Queen's Quest 5: Symphony of Death (Xbox Version)
1784847115,Hypnospace Outlaw
1784931030,Aerial_Knight's Never Yield
1785006490,Lost Words: Beyond the Page
1785122378,Omega Strikers
1785174857,Spelunky 2
1785266369,AntVentor
1785385145,Rock of Ages 3: Make & Break
1785402778,FINAL FANTASY XV POCKET EDITION
1785862913,Hellblade: Senua's Sacrifice
1786573857,Smart Moves 2
1787135558,Roarr! Jurassic Edition
1787141551,Escape Sequence (for Windows 10)
178797566,Doughlings: Arcade
1788227153,Pity Pit
1788295676,Yakuza 4 Remastered
1788342021,ACA NEOGEO FATAL FURY 2
1788626737,GOLAZO
1788708666,Carto
1788936172,We Were Here Too
1789157539,Puyo Puyo™ Tetris® 2
1789385168,ACA NEOGEO BLUE'S JOURNEY
1789607751,Tiles
1789832958,A Little Lily Princess
1789981590,ACA NEOGEO TWINKLE STAR SPRITES for Windows
1790138032,ACA NEOGEO WORLD HEROES
1790154846,Heart Box
1790216132,Hades
1790217657,Five Nights at Freddy's 4
1790482525,Call of Duty®: Black Ops Cold War
1791400679,Yakuza: Like a Dragon
1791712750,Minecraft
1792354766,ACA NEOGEO THE KING OF FIGHTERS '96
1792973243,Boom Blaster
1793054097,Carrion Win10
1793267323,League of Evil
1793624397,Time Of War
1793764669,Zombie Army 4 - Dead War
1793764669,Zombie Army 4: Dead War
1794566092,Minecraft Launcher
1794639484,WARTILE
1794699728,CONVERGENCE: A League of Legends Story™
1795379754,The Walking Dead: The Complete First Season
1795422557,Lost Grimoires 3: The Forgotten Well (Xbox Version)
1795484190,Pig Eat Ball
1795829038,ACA NEOGEO SENGOKU 2
1795973745,JackQuest
1796159913,Crimson Keep
1797796342,Eastern Exorcist
1797974868,ACA NEOGEO PUZZLE BOBBLE for Windows
1798008930,Bartlow's Dread Machine
1798309304,Hayfever
1798310078,Q-YO Blaster
1798400755,Pathologic 2
1798477678,AO International Tennis 2
1798874997,Ellen - The Game
1799391615,Endless Fables: Dark Moor (Xbox One Version)
1799432498,Disc Room
1799461557,NBA 2K23 for Xbox Series X|S
1799525101,Swordbreaker The Game
1799531904,Robot Squad Simulator X
1799585413,Who's Your Daddy
1799887933,The Witcher 3: Wild Hunt
1799902883,Rift Racoon
1799915031,Horde Of Plenty
1800744595,ACA NEOGEO CROSSED SWORDS for Windows
1800950858,StickType
1801290087,Adventures of Bertram Fiddle: Episode 2: A Bleaker Predicklement
1801537563,F1® 2021
1801662160,Queen's Quest 2: Stories of Forgotten Past (Xbox One Version)
1801967906,I and Me
1802005257,Chronus Arc
1802006334,Neon Abyss Win10
1802207786,HOT WHEELS UNLEASHED™
1802207786,HOT WHEELS UNLEASHED™ - Xbox Series X|S
1802600743,Capcom Arcade Stadium
1802779336,Uncharted Tides: Port Royal (Xbox One Version)
1802905643,Ghost Files: The Face of Guilt (Xbox Version)
1802991132,Loopindex
1803066610,Rally Racers
1803118690,ACA NEOGEO KING OF THE MONSTERS 2 for Windows
1803631176,MechWarrior 5: Mercenaries
1804098370,Swimsanity!
1804401706,F1 22
1804401706,F1® 22 Xbox One
1804401706,F1® 22 Xbox Series X|S
1804795180,Mask of Mists (Xbox Series X|S)
1804966091,Forager
1805003112,Prey
1805105433,Skycadia
1805306795,Fritz - Don't call me a chess bot
1805345431,Go-Go! Nekketsu Hockey Club Slip-and-Slide Madness
1805427680,AXES
1805568255,Trailmakers
1805770178,PAW Patrol Mighty Pups Save Adventure Bay
1805903409,Daymare: 1998
1805980747,ACA NEOGEO STAKES WINNER
1806135356,Iron Brigade
1806333404,DayD: Through Time
1806866056,A Building Full of Cats
1807714585,Monster Truck Championship
1808064759,FIFA 22 Xbox One
1808224088,Cave Bad
1808857974,On A Roll 3D
1809324484,Sole
1809365330,Let's Sing 2020 Hits Français et Internationaux
1810257659,Overdriven Reloaded: Special Edition
1810603436,ACA NEOGEO REAL BOUT FATAL FURY
1810637396,Hoggy2
1810648866,Chickens Madness
1810660315,Nekketsu! Street Basketball All-Out Dunk Heroes
1810704057,Heal: Console Edition
1810924247,Minecraft for iOS
1811699532,League of Legends
1811972603,Doodle Devil: 3volution
1812286558,Crown Trick
1812456871,Battletoads
1812793649,Super Soccer Blast: America vs Europe
1813085990,Road 96
1813313277,Knights and Bikes
1813980988,Commandos 3 - HD Remaster
1814325409,Fantasy Dash
1814475633,Archaica: The Path Of Light
1814618059,Return to Monkey Island
1815123311,Loop8: Summer of Gods
181531661,Banjo-Tooie
1815332041,Terminal Velocity™: Boosted Edition
1815398395,Syrup and the Ultimate Sweet
1816166604,FRONT MISSION 1st: Remake
1816261166,Super Sports Blast
1816942618,ACA NEOGEO RIDING HERO
1816963357,Classic Snake Adventures
1817127941,Infinite Guitars
1817202060,Alba: A Wildlife Adventure
1819120761,Just Cause 2
1819717980,Dull Grey
1819785466,Beat Me!
1819798709,Tetris® Effect: Connected
1819891958,Space Otter Charlie
1820138534,Lost Artifacts: Time Machine
1820214849,Midnight Deluxe
1820250788,Fortnite
1820440136,Rabisco+
1820522912,The Skylia Prophecy
1820656575,NHL 23 Xbox Series X|S
1821165740,The Eternal Cylinder
1821472434,Disciples: Liberation
1821772596,DEMON'S TILT
1822065195,Nubarron: The adventure of an unlucky gnome
1823008383,Lumini
1823452826,Dodgeball Academia
1823775190,ACA NEOGEO AERO FIGHTERS 3
1823836835,Acalesia
1824003155,Family Feud
1824138520,Mirror's Edge™ Catalyst
1824513011,COLINA: Legacy
1824609776,Tamashii
1824661800,Downtown Nekketsu Story
1824777308,Telling Lies
1824827903,Olija
1824926910,Iron Snout
1825036772,Gunvolt Chronicles: Luminous Avenger iX
1825113946,PowerWash Simulator
1825273416,Cat Souls
1826577300,Roundout by POWGI
1826666564,Skautfold: Usurper
1828109177,Shame Legacy Xbox One Edition
1828326430,Minecraft
1828954590,Spider Solitaire F
1829175632,Cymatically Muffed
1829519144,Kuroi Tsubasa
1829892926,LEGRAND LEGACY: Tale of the Fatebounds
1831044495,Brotherhood United
1831239909, Death Stranding
1831239909,Death Stranding
1831668171,Opus Castle
1831887873,ACA NEOGEO NEO GEO CUP '98: THE ROAD TO THE VICTORY for Windows
1832476204,Radon Blast
1832512217,Townscaper
1832768277,The Ambassador
1833088881,ACA NEOGEO RAGNAGARD for Windows
1833175061,MXGP 2019
1833175061,MXGP 2019 - The Official Motocross Videogame
1833320889,Cyber Protocol
1833403666,SteamWorld Dig 2
1835249581,ATOM RPG: Post-apocalyptic indie game
1835454890,Stay Out of the House
1835568548,Himno
1835851520,Bewitched: Chapter One
1835878377,The Gardens Between
1836594113,Bear With Me: The Lost Robots
1836761830,Creepy Road
1837258106,VASARA Collection
1837367469,SolSeraph
1837410971,NARAKA: BLADEPOINT
1837663768,DreamBall
1837745362,When the Past was Around
1838321370,Ages of Mages: The last keeper
1838347207,Gaps by POWGI
1838411318,Decay
1838540786,Danger Gazers
1838798461,Hexologic
1838902884,Onigo Hunter
1839042977,Chess Knights: Viking Lands
1839607296,The Surge 2 - Windows 10
1839622239,ACA NEOGEO METAL SLUG 2
183968596,UNO®
1839740207,Supraland
1839786246,Murdered: Soul Suspect
1839962134,Phasmophobia
1840246441,Random Heroes: Gold Edition
1840411466,Untitled Goose Game
184042097,Fe
1840565677,Island Saver
1841011808,Blizzard® Arcade Collection
1841290462,Dark Alliance
1841294814,Project Warlock
1841771506,Raging Bytes
1841794712,Dordogne
1841822482,Asterix & Obelix XXL 3
1841866029,Super Bomberman R Online
1842105208,Tetsumo Party
1842345306,Milo's Quest: Console Edition
1842576204,Bears Can’t Drift!?
1842701810,The Blobs Fight!
1843235650,Restless Hero
1843269941,Chivalry 2
1843310813,Afterparty
1843366957,Elliot
1843641391,Quake
1843694822,The Quarry for Xbox Series X|S
1844143156,Beach Buggy Racing 2: Island Adventure
1845646569,Yakuza Kiwami 2
1846694005,Akuto: Showdown
1846786072,Asphalt 8: Airborne
1847003138,Without Escape: Console Edition
1847259893,Strawberry Vinegar
1847402697,ScreamRide
1847538028,The Secret Order: Shadow Breach (Xbox One Version)
1847786076,ACA NEOGEO METAL SLUG 5 for Windows
1847979820,FIFA 22 Xbox Series X|S
1848088335,Subnautica: Below Zero
1848191014,TUNIC
1848238632,Leisure Suit Larry - Wet Dreams Don't Dry
1848301012,Flaskoman
1848421257,eFootball™ 2023
1849473846,Beat Saber
1849488064,ACA NEOGEO SUPER SIDEKICKS
1850599983,Roombo: First Blood
1850656526,The Sojourn
1850945804,Age of Empires III: Definitive Edition
1850970705,Blazing Chrome
1851163040,Immortal Planet
1851310927,Who Wants to Be a Millionaire?
1851655801,Metaloid: Origin
1852617445,ELEX II
1852916479,Resident Evil 4
1853020483,Draw a Stickman: EPIC 2 Xbox
1854385564,Creature in the Well
1854696468,The Lord of the Ring : The Living Card Game
1855137956,2URVIVE
1855217179,Golf With Your Friends
1855607466,Drill Deal - Oil Tycoon
1855613713,Chop is Dish
1856508918,Faeria
1856726040,Mr. Massagy: Mayo Edition
1856764962,VALORANT
1857354336,Project Starship
1857651157,Brawl Chess
1857836962,ACA NEOGEO ROBO ARMY
1857868016,Perfect Traffic Simulator
1857914892,Boyfriend Dungeon
1857934534,Thy Sword
1858676952,Mask of Mists
1859036976,Infinite Beyond the Mind
1859095666,Hyposphere: Rebirth
1859436735,Please Don't Touch Anything
1859542622,Contra Anniversary Collection
1859601917,Spellbreak
1860032551,Caves and Castles: Underworld
1860089403,Ghostwire: Tokyo
1860238573,Cardaclysm: Shards of the Four
1860382405,ACA NEOGEO FATAL FURY SPECIAL
1860384361,A Day Without Me
1860524163,Crossy Road
1861024229,Unimime - Unicycle Madness
1861455088,Spaceland
1861858143,Wolfenstein: Youngblood - PC
1862035245,namcot collection VOL.2_Base Game
1863141182,ACA NEOGEO WAKU WAKU 7
1863788887,Legend of the Skyfish Xbox One Edition
1864185316,The Sinking City Xbox Series X|S
1864246714,Blood Waves
1864318356,The Adventures of Elena Temple: Definitive Edition
1864438197,Shape of the World
1864882669,Persona 4 Golden
1865118354,GONNER2
1865164318,Bouncy Bullets
1865197952,Boomerang Fu
1865476865,Horse Club Adventures
1865601871,Agent A: A puzzle in disguise
1865781815,One Dog Story
1866183116,Ghost Files: Memory of a Crime (Xbox One Version)
1866194138,Murder Miners
1866204162,Burnhouse Lane
1866535801,Black Paradox
1866582061,Pushy and Pully in Blockland
1866825187,Super Monkey Ball Banana Blitz HD
1866950192,Shady Part of Me
1867293778,Darwin Project
1867295360,Monster Sanctuary
1867425405,Evil Inside
1867897848,Assault On Metaltron
1868247544,Gigantosaurus The Game
1868901412,Off Road Racing
1868952265,ACA NEOGEO THE SUPER SPY
186907511,The Metronomicon: Slay the Dance Floor
1869326478,Kunio-kun's Nekketsu Soccoer League
1869491359,Null Drifter
1869632471,Monster Blast
1869817076,Dead Dungeon for Windows 10
1869923276,Katana Zero XB1
1870107892,MINABO - A walk through life
1870108065,Outbreak: Epidemic
1870222133,Get Over Here
1870551425,My Universe - My Baby
1870861075,Paper Dolls Original
1871105054,TY the Tasmanian Tiger HD
1871238901,Crime Boss: Rockay City
1871702552,Mount & Blade: Warband PC
1871819472,Yonder: The Cloud Catcher Chronicles
1872065352,Dead Dungeon
1872124110,Dota 2
1872911874,Lake Ridden
1872936107,Cobra Kai: The Karate Kid Saga Continues
1873070117,LASERPITIUM
1873163708,Narita Boy
1873340642,Sig.NULL
1873401974,Pixel Devil and the Broken Cartridge
1873419207,Checkers for Kids
1873492766,KINGDOM HEARTS HD 2.8 Final Chapter Prologue
1873652790,Drunken Fist
1873803329,Rush Rover
1873893114,Just Die Already
1874191487,High On Life
1874376911,Splitgate
1874758094,Active Neurons - Puzzle game
1875149549,Smoots Summer Games
1875889584,OPUS: Echo of Starsong - Full Bloom Edition
1876184528,Windscape
1876224290,Welcome to Hanwell
1876484566,STORY OF SEASONS: Friends of Mineral Town
1877135456,Freddy Fazbear's Pizzeria Simulator
1877331117,Doodle God: Evolution
1877455960,art of rally
1877753829,Virtuous Western
1878347145,FoxyLand 2
1878915001,SnowRunner
1879115757,Trackmania®
1879447278,Crime Secrets: Crimson Lily (Xbox Version)
1879459921,Takotan
1879591363,Freakout: Calamity TV Show
1879960829,Arcade Spirits
1880089265,Guilty Gear -Strive-
1880193218,Century: Age of Ashes
1880213026,Family Mysteries 3: Criminal Mindset (Xbox Version)
1880707155,G.I. Joe: Operation Blackout
1880727250,Unpacking
1880766379,Stranded Sails - Explorers of the Cursed Islands
1880860626,Escape Academy
1880907442,Super Soccer Blast
1881258316,Ghost Song
1881441406,Active Neurons 3 - Wonders Of The World
1881526368,One Finger Death Punch 2
1881981363,Effie
1881986875,Jisei: The First Case HD
1882004205,Neon Abyss
188225844,11-11 Memories Retold
1882519040,UltraGoodness 2
1883232264,STAR WARS™ Episode I Racer
1883977094,Sigi
1884016246,Sig.NULL (for Windows 10)
1884079219,Slime Rancher 2
1884090207,Moonscars
1884265285,Warparty
1884451202,Grood
1884638750,DOUBLE DRAGON Ⅲ: The Sacred Stones
1884682689,Five Nights at Freddy's: Security Breach
1885218661,BFF or Die
1885420068,Toodee And Topdee
1885461011,Ailment
1885512677,Ice Cream Surfer
1885819086,ARK: Survival Evolved
1885975476,Alphaset by POWGI
1886435586,Bird Game +
1886592223,Metal: Hellsinger (Xbox One)
1886840872,Loop Hero
1886894987,More Dark
1887147246,ACA NEOGEO SENGOKU 3
1887182103,F1 Manager 2022
1887639245,Tracks - The Train Set Game
188910190,Tesla vs Lovecraft
1889120887,Envasion
1889321756,Microsoft Minesweeper
1889456287,Roller Champions™
1889880451,FFXIII
1889969467,Beat 'Em Up Archives (QUByte Classics)
1890032211,Infestor
1890557199,Nekketsu High School Dodgeball Club - Soccoer Story
1890581353,Blasphemous
1890622702,Pixel Gladiator
1891013041,Sumatra: Fate of Yandi
1891258006,The Bard's Tale ARPG : Remastered and Resnarkled
1891258006,The Bard's Tale: Remastered and Resnarkled
1891684356,Lost in Random™
1891728216,Lord of the Сlick
1891846298,Knight's Retreat
1892245301,ELDEN RING
1892264234,We should talk.
1892393976,Sundered: Eldritch Edition
1892426142,Deponia Doomsday
1892537035,Angels with Scaly Wings
1892964985,ACA NEOGEO LAST RESORT
1894255361,Placid Plastic Duck Simulator
1894333860,WRC 8 FIA World Rally Championship
1894365262,PAW Patrol: Grand Prix
1894374861,MineChat: Universal Edition
1894379072,Back in 1995
1894632879,Shoot 1UP DX
1894757738,ACA NEOGEO THE KING OF FIGHTERS '95
1895471502,Stubbs the Zombie in Rebel Without a Pulse
1895560154,Virtual Villagers Origins 2 Xbox
1895847672,Natsuki Chronicles
1896010657,Cyber Shadow
1896582181,Bramble: The Mountain King
1896944991,Crash'n the Boys Street Challenge
1897177167,Fall of Porcupine
1897447749,ReactorX
1897858878,Asdivine Hearts
1897859596,Alice Sisters
1898064663,It Lurks Below
189808036,American Fugitive
1898092029,Inops
189853082,Rogue Trooper Redux
1898651997,Just Ignore Them
1898753130,﻿Loot Hero DX
1899135748,Speed or Death
1899784772,Rogue Explorer
1899791468,The Last Rolling Hero
1900078453,7 Days to Die
1900437211,Indigo 7 Quest of love
1900564739,New Super Lucky's Tale
1900870116,Night Call WIN10
1900997521,REPLIKATOR
1901019717,Shaolin vs Wutang
1901151333,Royal Roads
1901203087,ABZU
1901373103,A Winter’s Daydream
1901782415,Railway Empire 2
1902061385,ACA NEOGEO REAL BOUT FATAL FURY SPECIAL
1902329140,The Riftbreaker PC
1902503932,ACA NEOGEO THE KING OF FIGHTERS 2002 for Windows
1903138273,Sonic Frontiers
1903601100,Super Dodge Ball
1904355931,Sayonara Wild Hearts
1904590412,Cold Silence
1905856995,You Suck at Parking
1906078054,TERMINATOR: RESISTANCE
1906609238,VASARA Collection
1906677498,PAC-MAN MUSEUM+
1907451415,Gun Crazy
1907546980,Barry the Bunny
1907682582,Final Star
1907729638,Solasta: Crown of the Magister
1907892230,Dreamwalker: Never Fall Asleep (Xbox One Version)
1907924307,Stela
1908509778,Galaxy Champions TV
1908871844,Bunny Parking
1909279725,The Procession to Calvary
1910197704,Reverie: Sweet As Edition (PC edition)
1911275658,MyMaitê
1911531366,Life of Fly
1911549828,Weakless
1911932812,DIRT 5
1912029217,STAB STAB STAB!
1912801032,PAW Patrol The Movie: Adventure City Calls
1912801032,PAW Patrol: Adventure City Calls
1912881818,Super Box Land Demake
1914086330,Broforce
1914281401,Super Volley Blast
1914565485,Risk of Rain
1914646696,Curse of the Dead Gods
1915622580,Ord
1915734131,Lost At Sea
1915757611,Vampire: The Masquerade - Shadows of New York
1915865634,Nowhere Prophet
1916393313,SIGNALIS
1916478046,Plague Road
1916512352,Astrologaster
1916618155,Quest Hunter
1916758859,Donut County
1917350477,Mars Power Industries Deluxe
1917358881,Brave Soldier - Invasion of Cyborgs
1917641293,Treasure Hunter Simulator
1917643412,ChronoBreach Ultra
1918176431,Braveland Trilogy
1918441274,MONOPOLY PLUS
1918679142,Black Desert Online
1918876063,ACA NEOGEO LEAGUE BOWLING for Windows
1919133963,Praetorians - HD Remaster
1919541930,Dark Grim Mariupolis
191992908,The Journey Down: Chapter One
1920167136,Layers of Fear (2023)
1920770735,Nicole
1921366681,Gnomes Garden: Lost King
1921488037,The Settlers®: New Allies
1921935939,Synchro Hedgehogs
1922451592,King's Guard TD
1922758426,WRC 9 FIA World Rally Championship
1922994269,Linn: Path of Orchards
1923029019,Freddy Spaghetti 2
1923160643,Dead Rising 3
1923279922,Marvel's Guardians of the Galaxy
1923294740,The Big Con
1923495076,Concept Destruction
1924130173,Haven
1924295407,Paw Paw Paw
1925242158,Library Of Ruina
1925552200,Warlock's Tower
1926154049,Wasteland Remastered
1926157525,God of Light: Remastered
1926182660,Redeemer Enhanced Edition
1926303930,Darkestville Castle
1926352092,PBA Pro Bowling
1926405394,Friday the 13th: Killer Puzzle
1926705310,Goodbye Deponia
1926895632,We Were Here
1927413489,ACA NEOGEO ZED BLADE
1927446686,Kingdom of Arcadia
1927699557,The Bradwell Conspiracy
1927790109,Rememoried
1927891347,The Darkside Detective
1928525856,Halo: MCC Insider
1929508962,Vampyr
1929840140,ACA NEOGEO SHOCK TROOPERS 2nd Squad
1930253483,ACA NEOGEO Money Puzzle Exchanger
1930807586,Unknown Fate
1931017847,ACA NEOGEO NINJA COMMANDO for Windows
1931098335,Five Dates
1931279822,Eight Dragons
1931854950,Sword and Fairy: Together Forever
1931911684,Shredders
1931947471,Persona 5 Royal
193196495,Robocraft Infinity
1932565641,Pikuniku
1932645237,DISTRAINT: Deluxe Edition
1933242194,HORROR OF THE DEEP
1933718863, SUPERHOT: MIND CONTROL DELETE
1934415151,Jurassic Pinball
1934638648,Vision Soft Reset
1935756532,Star Renegades WIN10
1935779345,HyperDot
1935829261,Shadowrun: Hong Kong - Extended Edition
1935874120,Heroes Trials
1936146608,Scorn
1936300879,BQM - BlockQuest Maker
1936375380,Gungrave G.O.R.E
1936845110,Cities: Skylines - Remastered
1936930219,Tell Me Why
1937457147,Mutant Year Zero: Road To Eden
1937629264,Tainted Grail: Conquest
1937850928,MouseBot: Escape from CatLab
1937919291,Mythic Ocean
1937996780,HardCube
1938014553,Lost Artifacts 5: Frozen Queen
1938102722,ACA NEOGEO GHOST PILOTS
1938832846,STAR WARS Jedi: Survivor™
1938834516,State of Decay 2: Juggernaut Edition
1939351470,Moonshine Inc.
1939591328,ACA NEOGEO 3 COUNT BOUT for Windows
1939634325,Action Arcade Wrestling
1939859673,Skyland: Heart of the Mountain (Xbox Version)
1939956128,Shadowrun: Dragonfall - Director's Cut
1940198155,Headliner: NoviNews
1940322572,Five Nights at Freddy's
194041984,Maria The Witch
1940517812,Night Book
1940929809,Rainbow Billy: The Curse of the Leviathan
1941002186,On The Road The Truck Simulator
1941012318,Mochi Mochi Boy
1941723837,Coffee Talk Episode 2: Hibiscus and Butterfly
1942192161,Airplane Flight Pilot Simulator
1942534686,Habroxia 2
1942613627,Citizens of Space
1942890638,Gift of Parthax
1944273028,Thief of Thieves: Season One
1944707563,ACA NEOGEO STAKES WINNER 2 for Windows
1944807356,Twelve Minutes
1944856133,THE LAST SCAPE
1944950992,MotoGP™22
1944971356,Wunderling
1944985876,Cinders
1945712967,Streets of Rogue
1946261537,The Bookwalker: Thief of Tales
1946485937,Besiege Console
1947126242,Zombies ruined my day
1947911457,VA-11 Hall-A: Cyberpunk Bartender Action
1948063371,Portal: Still Alive
1948147176,Moving Out
1949426934,AVICII Invector
1949492588,Paradise Lost
1949523812,Override 2
1949676989,Tanknarok
1949756621,Surgeon Simulator 2
1950365703,NeverAwake
1950827622,Treasure Stack
1951058598,Weapon of Choice DX
1951298086,Dead End Job
1951858060,Vosaria: Lair of the Forgotten
1952293824,Flutter Bombs
1952300170,Battlefield™ 2042 Xbox One
1952427486,Bloodstained: Ritual of the Night
1952969635,Party Hard 2
1953182469,DRAGON QUEST XI S: Echoes of an Elusive Age – Definitive Edition
1953292667,Star99
1953391836,Shadowrun Returns
1953589006,Yakuza 0
1954375706,Bitmaster
1954741846,Rune Lord
1954934294,Star Wars: Republic Commando
1955982965,Gunfire Reborn
1957535525,Moon Raider
1957968654,Destroy All Humans! - Clone Carnage
1958827848,Eternal Card Game
1959321814,CUBERS: ARENA
1959842755,Death's Door
1960257965,DISTRAINT 2
1960926264,Phoenix Point
1960996145,Don't Sink
1961305648,Totally Accurate Battle Simulator
1961823263,NHL™ 22 Xbox Series X|S
1962218680,Cel Damage HD
1962369921,Pumpkin Jack
1962559957,KINGDOM HEARTS - HD 1.5+2.5 ReMIX -
1962597286,Rusty Gun
1962688125,The Messenger
1963476984,Sherlock Holmes Chapter One
1963676642,Throne Quest Deluxe
1963912042,Eiyuden Chronicle: Rising
1964043658,Mafia II: Definitive Edition
196423588,Outlast
1964417553,Word Sudoku by POWGI
1964788774, Ultimate Fishing Simulator
1964791683,Vampire's Fall Origins
1965100318,PlayShow Jeopardy!
1965142613,Golf With Your Friends
1965222301,Roads of Time
196597117,Mega Man X Legacy Collection 2
1966804514,Homestead Arcana
1966816764,My Friend Pedro Win10
1967790009,Bloomyth
1968761430,Steampunk Tower 2
1968900621,ACA NEOGEO MUTATION NATION
1969293314,Task Force Kampas
1969372075,BlazBlue: Cross Tag Battle Special Edition
1969444828,Clan N
1969729662,ACA NEOGEO GAROU: MARK OF THE WOLVES for Windows
1969807258,Reverie: Sweet As Edition
1969970579,ACA NEOGEO SAMURAI SHODOWN II
1970218801,Dead by Daylight (Windows)
1970352660,Tee Time Golf
1970834532,RAGE 2 - PC
1970926688,Super Destronaut: Land Wars
1970953118,Inner Ashes
197099439,Winx Club: Alfea Butterflix Adventures
1971702433,Cris Tales
1971844258,Castle Pals
1971845611,Mount & Blade II: Bannerlord
1972063516,Sifu
1972410679,Blaze and the Monster Machines
1972481531,ACA NEOGEO THE KING OF FIGHTERS 2000
1973165271,Eastshade
1973312344,Asdivine Dios
1973635123,Mad Streets
1973901376,Diablo® IV
1973954835,Akai Katana Shin
1974043980,Disney Classic Games: Aladdin and The Lion King
1974177380,Adventures of Bertram Fiddle: Episode 1: A Dreadly Business
1974279589,Prehistoric Dude
1974519115,Clash Force
1974630306,Grizzland
1974645006,Killer Frequency
1975041917,Amnesia: The Bunker
1975260133,Stories: The Path of Destinies
1975564752,Marble Duel
1975660956,Of Tanks and Demons III
1976357350,Neon Junctions
1976630039,ACA NEOGEO ART OF FIGHTING 3 for Windows
1977013516,Radical Rabbit Stew
1977284905,Eastward
1977415136,ACA NEOGEO ART OF FIGHTING 2
1978162500,ACA NEOGEO MAGICAL DROP II
1978204673,Full Metal Furies
1979417101,SD GUNDAM BATTLE ALLIANCE
1979494676,ACA NEOGEO KING OF THE MONSTERS
1979761321,Talking Tom Candy Run
1980974265,Vambrace: Cold Soul
1981237649,EchoBlade
1981290513,Instant War
1981398452,Peaky Blinders: Mastermind
1981403899,Wolfenstein: The New Order
1981817951,One Night Stand: Console Edition
1982219874,Insects: An Xbox One X Enhanced Experience
1982472205,ACA NEOGEO THE KING OF FIGHTERS '99
1983411288,Neverout
1983565516,Elite: Dangerous
1983830877,Monster Truck Championship
1983992803,Miasma Chronicles
1984205216,R.B.I. Baseball 21
1984680366,Medieval Dynasty (Xbox One)
1984921092,Let's Sing Queen
1984954469,CrossKrush
1985144601,Stranded Deep
1985336824,Micetopia
1985353963,The Lost And The Wicked
1985624416,Dark Nights with Poe and Munro
1985701699,Forza Horizon 4
1985791411,Cricket 22
1986181722,Caretaker Game
1986217968,I-AI
1986295132,The Last Case of Benedict Fox
1986349001,NHL 23 Xbox One
1986689469,Castle of no Escape 2
1986709804,Omensight
1987184613,The Jackbox Party Pack 9
1987259507,ACA NEOGEO SHOCK TROOPERS
1987421796,Doug Hates His Job
1987587652,Overcooked! All You Can Eat
1987803377,Cat Quest II
1987951399,Lonely Mountains: Downhill
1988173959,Retro Tanks
1989106096,Sid Meier's Civilization VI
1989291815,Supraland (Win 10)
1989351144,Two Parsecs From Earth
1989445813,Knight Squad 2
1989637637,Cooking Simulator
1989956835,Evolve
1990116831,Yooka-Laylee and the Impossible Lair
1990492211,Sea Salt
1990927330,Debris Infinity
1991000217,Flowlines VS.
1991248961,PHOGS!
1991354740,Lazy Galaxy: Rebel Story
1991539413,The Messenger
199170438,MOTHERGUNSHIP
1991819514,Team Fortress 2
1992283783,Kingdom Rush Origins
1992453063,Among Us
1992471200,SNK 40th Anniversary Collection
1992528067,Let's Cook Together
1992649733,Aery - The Lost Hero
1992947450,Garden Story
1993022209,Hi-Fi RUSH
1993404918,Football Game
1993427193,Hexagroove: Tactical DJ
1993840835,ACA NEOGEO THE KING OF FIGHTERS '94
1994003829,EA SPORTS™ FIFA 23 Standard Edition Xbox One
1994822207,Deleveled
1995019942,Bucket Knight
1995236963,Rainswept
1995755957,Mind Maze
1995913309,Katamari Damacy Reroll_Base game
1996027459,Educational Games for Kids (for Xbox)
1996083615,ACA NEOGEO STREET HOOP
1996766682,Generation Zero
1997023214,FINAL FANTASY IX
1997028646,Strike Force 2 - Terrorist Hunt
1997201494,Aliens: Fireteam Elite
1997252569,Need for Speed Hot Pursuit Remastered
1997252569,Need for Speed™ Hot Pursuit Remastered
1997384281,Rigid Force Redux
199746733,Conan Exiles
1997535850,SpiderHeck
1997603662,Minion Masters
1998294853,Planet RIX-13
1998429514,The Path of Motus
1998461943,Assassin's Creed Unity
1998643149,Yakuza Kiwami
1998994208,Monster Energy Supercross 3
2000011414,Starlit Adventures
2000128121,Lunch A Palooza
2000145726,Party Arcade
2000371555,Super Dodgeball Beats
2000442171,Shadow Warrior 3: Definitive Edition
2000779427,Cryogear
2000790611,THE CARD Perfect Collection Plus: Texas Hold 'em Solitaire and others
2001080469,Mars: Chaos Menace
2001700854,Call of Duty®: Modern Warfare® II
2001814192,Zombie Derby 2
2002259331,Darksiders III
2002405450,Kung Fu Fighting
2002584553,Puzzle Quest 3
2002613703,Lethal League Blaze
2002827047,Ghostlore
2003057356,Area 86
2003460558,Speed Truck Racing
2003473581,Citizen Sleeper
2003594594,Surprise! Nekketsu New Records! The Distant Gold Medal
2003863742,Microsoft Jigsaw
2003935652,ACA NEOGEO MAGICIAN LORD
2003969848,Borderlands
2004896584,Ghost Trick: Phantom Detective
2005154977,Children of Morta
2005824828,Varenje: Don't Speak With Berries
2006710939,Skater XL
2007283473,Recompile
2007366287,Welcome To Elk
2007728129,Gangsta Paradise
2007771861,Woven the Game
2007812138,Sugar Tanks
2008114824,Microsoft Number Puzzle
2008175655,Knights of Pen and Paper +1 Deluxier Edition
2008403666,Dead Space
2008811924,Wolfenstein II: The New Colossus
2009472127,RogueCube
2010124610,Save Your Nuts
2010249480,Rip Them Off
2010409612,DOUBLE DRAGON
2010979464,Duke of Defense
2011136108,Medieval Dynasty
2011473090,Paradox Soul
2012020291,Mitsurugi Kamui Hikae
2012454608,ACA NEOGEO TOP PLAYER’S GOLF
2012825026,Eville
2013614379,Fall Guys
2013672301,The Gunk
2014140898,Loot River
2014204696,PlayerUnknown's Battlegrounds
2014256843,Red Death
2014312535,Despot's Game
2014590773,Car Mechanic Simulator 2021
2015483372,Portal of Evil: Stolen Runes
2016020537,Everreach: Project Eden
2016076229,Weird West: Definitive Edition
2016262671,Slayers X: Terminal Aftermath: Vengance of the Slayer
2016414001,Goroons
2017010053,Taimumari: Complete Edition
2017702583,Dauntless
2017944493,Super Mega Baseball 3
2018425452,Guacamelee! 2
2018434933,Thunder Paw
2019181131,Wasteland 2: Director's Cut
2019267377,Madden NFL 23 Xbox One
2019410677,Mecho Tales
2019592943,Tesla Force
2019891659,Story of a Gladiator
2020065639,Old Man's Journey
2020176886,Shenmue I & II
2021110805,Roblox
2021405472,Nickelodeon Kart Racers 2
2021453818,FINAL FANTASY VIII Remastered
2021987250,Downwell
2022727062,oOo: Ascension
2023785453,Evan's Remains
2024145056,The Artful Escape
2024220276,Phantasy Star Online 2 New Genesis
2024847837,Bee Simulator
2025181179,F.I.S.T.: Forged In Shadow Torch
2025216276,The Isle
2025399821,ONE PUNCH MAN: A HERO NOBODY KNOWS
2025852578,Tools Up!
2025856880,Pilot Sports
2025884385,For The King (PC)
2026017924,Creaks
2026530169,XEL
2026577202,Unto the End
2027066829,Ori and the Blind Forest: Definitive Edition - Nintendo Switch
2027192082,The Surge
2027272098,The Last Show of Mr. Chardish
2027854331,STORY OF SEASONS: A Wonderful Life
2027986430,Fury Unleashed
2028516160,Hardspace: Shipbreaker
2028520097,My Friend Pedro
2028627076,Marvel's Midnight Suns for Xbox Series X|S
2029606834,Titanium Hound
2030093255,Forza Horizon 5
2030524086,As Dusk Falls
2030659251,Out of Line
2030829630,Nova Lands
2030947936,The Last Door: Season 2 Collector's Edition
2031533178,Asdivine Hearts II
2031627919,Wilmot's Warehouse
2031716263,Farming Simulator 19 - Window 10
2031756340,They Are Billions
2032548938,Cassette Beasts
2033311254,Arrest of a stone Buddha
2034377119,Homebody
2034716130,CAN ANDROIDS PRAY: BLUE
2034956980,Warface: Breakout
2034960541,ACA NEOGEO SPIN MASTER
2035057372,Yes-Your Grace
2035251227,Turnip Boy Commits Tax Evasion
2035296401,Capcom Arcade 2nd Stadium
2035309799,Dead by Daylight (Xbox)
2035310047,Kine
2035781048,ACA NEOGEO SUPER SIDEKICKS 3 : THE NEXT GLORY
2036551350,FAR: Lone Sails
2037558339,My Friend Peppa Pig
2037675910,Ultimate Ski Jumping 2020
2037684175,TRAX - Build it Race it
2037703927,Beyond Blue
2038019048,Far-Out
2038958977,Hand of Fate 2
20391045,Batman: Return to Arkham - Arkham Asylum
2039473401,NINJA GAIDEN Σ
2039573071,Merge & Blade
2040979596,Steven Universe: Unleash the Light
2041185325,Flatland Vol.2
2041731932,Cult of the Lamb
2041763016,CrossCode
2041914938,Nuclear Throne
2042119715,Star Renegades
2042287543,Aliens: Dark Descent
2042807745,Dark Quest 2
2042945112,Atomicrops
2043073184,Halo Infinite
2043302400,Active Neurons 2
2043413535,Guard Duty
2043738831,Johnny Rocket
2043833523,Nippon Marathon
2043906033,MX vs ATV Legends
2044143489,Kingdom of Aurelia: Mystery of the Poisoned Dagger
2044361342,Reflection of Mine
2044736974,Pandemic: The Board Game
2044796053,Jet Set Knights
2044930754,Dead Space (2008)
2045542065,Sparkle 4 Tales
2045560230,LIMBO
2045674504,It's Kooky
2045927459,ACA NEOGEO SUPER SIDEKICKS 2
2046117680,Wer weiß denn sowas? - Das Spiel
2046176982,Empire of Sin
2046294816,Aftercharge
2046628793,PixARK
2047319603,Minecraft for Nintendo Switch
2047811112,The Last Hero of Nostalgaia
2048107732,The Inner Friend
2048122343,ACA NEOGEO KIZUNA ENCOUNTER for Windows
2048511735,Munchkin CG
2048545274,Rubber Bandits
2048825105,Goosebumps Dead of Night
2049381647,NORCO
2049402208,WarDogs: Red's Return
2049412372,Night Call
2050010864,Two Point Hospital™
2050863486,Explosionade DX
2050978528,ACA NEOGEO THE KING OF FIGHTERS 2001 for Windows
2051503466,The Callisto Protocol for Xbox One
2051503466,The Callisto Protocol for Xbox Series X|S
2051565788,Atomicrops WIN10
2051640476,Raji: An Ancient Epiс
2051823157,The First Tree
2051823976,Immortality
2053101497,Bat Boy
2053555152,Yu-Gi-Oh! Master Duel
2054032545,Iris Fall
2054602409,The Persistence
2054685746,Mass Effect™ Legendary Edition
2054716369,It Takes Two
2055344457,ACA NEOGEO BASEBALL STARS PROFESSIONAL
2055522726,Madden NFL 23
2055522726,Madden NFL 23 Xbox Series X|S
2056602636,SiNKR
2056655762,Remnant: From the Ashes
2056748167,Home Sheep Home: Farmageddon Party Edition
2056823935,Bounty Battle
2057527949,Operencia: The Stolen Sun
2057958746,Just Dance® 2021
2058217211,Dread Nautical
2058605218,Attack of Toy Tanks
2058625575,Sure Footing
2058835040,The Z Axis: Continuum
2059211995,Hollow Knight
2059211995,Hollow Knight: Voidheart Edition
2059289856,DOT SHIFTERS
2059320064,ACA NEOGEO METAL SLUG X
2059560208,ACA NEOGEO NINJA COMBAT
2059763744,The Legend of Tianding
2060146885,Unspottable
2060306864,SkateBIRD
2060439943,The Last Door - Complete Edition
20605635,The Surge
2060676583,SimpleRockets 2
2061421502,Karma. Incarnation 1
2061746629,Don't Starve: Giant Edition
2061866976,Trek to Yomi
2063091969,Beholgar
2063170939,Frostpunk: Console Edition
2063398545,Farworld Pioneers
2063452544,Shootvaders The Beginning
2063752537,Drone Gladiator (for Windows 10)
2063810986,Solitaire TriPeaks Flowers
2064168993,Age of Empires II: Definitive Edition
2064268067,Mekabolt
2064659292,Mixx Island: Remix Plus
206503430,Clustertruck
2065674944,Resident Evil Re:Verse
2065869943,Danganronpa V3: Killing Harmony Anniversary Edition
2066050880,Ultra Hat Dimension
2066532210,Subaracity
2067110068,Bright Memory
2067583919,Aery - Sky Castle
2068094397,To the Moon and Beyond
2068314025,Slabwell
2068415611,Rust Console Edition - Public Test Branch
2068868707,Hell Warders
2068980019,CarX Drift Racing Online
2070041345,Garden City
2070086965,Desperados III
207015551,theHunter: Call of the Wild
2070801878,NieR:Automata_PC
2070848357,Word Maze by POWGI
2070906964,namcot collection_Base Game
2070921614,Bayonetta
2071320447,Ravenlok
2071323777,Star Trek: Resurgence
2071676002,EA SPORTS™ FIFA 23 Standard Edition Xbox Series X|S
2071892884,Lost Artifacts
2072176568,Pinball FX
2072805138,APICO
2072898460,Norman's Great Illusion
2073050659,Beacon Pines
2073287258,Paratopic
2075242813,One More Dungeon
2075268737,Deadliest Catch: The Game
2075589952,Warhammer 40000: Boltgun
2075732193,Hovership Havoc
2076732337,Necromunda: Hired Gun
2076735443,Darkest Dungeon PC
2076835000,THE Casino Collection
2076862108,Scalextric
2076917277,Army of Ruin
2076990545,Teratopia
2077036451,Cake Bash
2077953041,Clone Drone in the Danger Zone
2078016900,Bullet Beat
2078177178,Post War Dreams
2078887234,Doctor Who: The Lonely Assassins
2078926688,DOOM II (Classic)
2079227086,MotoGP™20
2079295420,Crash Team Rumble™
2079325343,The Tartarus Key
2079588618,The Last Campfire
2080903004,Shadow of Loot Box
2081060870,Maneater
2081112709,Zaccaria Pinball
2081130223,Tom Clancy's Rainbow Six Siege
2081200138,Arcade Classics Anniversary Collection
2081484036,Superliminal
2081550099,Velocity G
2081554729,Skully
2082494703,DOUBLE DRAGON Ⅱ: The Revenge
2082943224,Lichtspee: Double Speer Edition
2083214663,Almost There: The Platformer
2083870981,Who's Your Daddy?!
2084162548,STONE
2085071304,Rover Wars : Battle for Mars
2085925765,ACA NEOGEO PREHISTORIC ISLE 2 for Windows
2085974219,Sable
2086162804,Awesome Pea 2
2087679407,Big Pharma
2087926896,Freedom Finger
2088097646,Downtown Nekketsu March Super-Awesome Field Day!
2088120493,ACA NEOGEO SAMURAI SHODOWN V
2088425994,Storm Boy
2088601240,Rift Keeper
2088918777,Demolish and Build
2089045375,The Office Quest
2089424131,This War of Mine: Final Cut
2089483628,A Plague Tale: Requiem
2089740731,Metro: Last Light Redux
2089745138,TRANSFORMERS: BATTLEGROUNDS
2090177263,Iro Hero
2090461480,Fuga: Melodies of Steel
2090892978,Farming Simulator 22
2091194104,Wreckfest
2091418992,ACA NEOGEO THRASH RALLY for Windows
2092629582,Killer Queen Black
2092946250,The Wild at Heart
2093000869,Slay The Spire
2093066399,Carrion
2093604131,Unruly Heroes
2093604199,Summer in Mara
2094867598,XIII Remaster
209558529,Fallout: New Vegas
2095867988,The Evil Within (PC)
2096544989,Divine Knockout (DKO)
2096818168,Halo Infinite - Insider
2096821037,DOOM 3
2096824177,Renegade
2096906881,SMITE
2096932738,Edgar - Bokbok in Boulzac
2097032200,Cook-Serve-Delicious! 2!!
2097162038,Driven Out
2097945335,F1® 23
2098139948,Hero Express
2098462228,The Jackbox Party Pack 7
2098787950,Age of Empires IV
2099258504,Football Manager 2023 Console
2099446354,Midnight Fight Express
2099992440,Twin Robots: Ultimate Edition
2100585796,Delta Squad
2100783658,Even the Ocean
2100806769,Duck Life Adventure
2100873169,Many Faces: Console Edition
2100880776,Pentiment
2101231180,Away : The Survival Series
210179407,Back 4 Blood
2102420520,The Strange Story Of Brian Fisher: Chapter 1
2102421406,Day of the Tentacle Remastered
2102465429,Coffee Talk
2102487155,Escape Game Fort Boyard
2102515726,Max and the book of chaos
2103789015,Monster Hunter Rise
2104061721,Lovecraft's Untold Stories
2104165696,Tricks Magician
2104363067,Fatum Betula
2104483569,Shark Pinball
2104502032,Stories Untold
2105009589,Outbreak: Lost Hope Definitive Edition
2105342780,Grounded
2106037555,Orbital Racer
2106108993,Duck Souls+
2106443199,Samsara
2106826312,Close to the Sun
2106872096,Battlefield™ 2042 Xbox Series X|S
2107195644,Scheming Through The Zombie Apocalypse: The Beginning
2107339353,Control PCGP
210837982,Masters of Anima
2108722049,Resident Evil Village
2109036777,Floor Kids
2109927239,Five Nights at Freddy's: Sister Location
2111261259,Biped
2111829961,Hell Let Loose
2112932864,Cosmic Top Secret
2113194722,Eternum Ex'
2113285802,PONG Quest
2113515818,MLB® The Show™ 23 Xbox One
2113515818,MLB® The Show™ 23 Xbox Series X|S
2113836989,I Saw Black Clouds
2113943936,Fernz Gate
2114859567,Reverse Crawl
2114927250,Brunswick Pro Billiards
2115269293,Panzer Dragoon: Remake
2115400039,HELLFRON: HONEYMOON
211568986,Crackdown
2116045375,ACA NEOGEO TOP HUNTER RODDY & CATHY
2116209805,Soul Hackers 2
2116371080,Dicey Dungeons
2116409537,Yu-Gi-Oh! Legacy of the Duelist: Link Evolution
2116922454,Prodeus
2117095676,Planet of Lana
2117611014,Gallic Wars: Battle Simulator
2117633627,Quiplash 2 InterLASHional
2117650793,Skelattack
2117776820,UnderMine
2118221802,ACA NEOGEO SENGOKU
2119197579,Somerville
2119274508,Star Wars Battlefront II
2119495218,Red Bow
2119541613,Paint the Town Red
2119786310,Gleamlight
2120715413,After Us
2120738505,World War Z
2120787743,Roommates Visual Novel
2120838775,Demon Hunter: Revelation (Xbox Version)
2121102512,ACA NEOGEO ZUPAPA! for Windows
2121432568,Tiny Hands Adventure
2121565894,Crawlers and Brawlers
21230315,Genesis Alpha One
2123297300,JoJo's Bizarre Adventure: All-Star Battle R
2123860928,Destroy All Humans
2124220599,Techwars Global Conflict
2125030606,She Sees Red
2125397835,A Painter's Tale: Curon 1950
2125426064,Heavy Metal Machines
2125765747,Windbound
2125974437,Door Kickers: Action Squad
212680242,DEAD OR ALIVE 6: Core Fighters
2126853715,Sagebrush
2127906505,Stretch Arcade
2128187549,The Walking Zombie 2
2128710093,Monster Sanctuary Win 10
2129059621,Wobbledogs Console Edition
2129620077,Sherlock Holmes The Awakened
2129836595,IIN
2129874876,Indivisible
2130889323,Destroy All Humans! 2 - Reprobed: Single Player (X1)
2131696465,Drawngeon: Dungeons of Ink and Paper
2131854107,ACA NEOGEO BURNING FIGHT
2131885858,ACA NEOGEO GALAXY FIGHT: UNIVERSAL WARRIORS
2132174307,Extreme Landings
2132429347,Risk of Rain 2
2132710956,Cube Raiders
2132785815,Wolfenstein® II: The New Colossus™
2133385474,TOHU
2133618440,SOULVARS
2134081246,Aery - Broken Memories
2134295116,Lou's Revenge
2135476507,Doughlings: Invasion
2135594829,Jurassic World Evolution 2
2135799767,STELLATUM
2135898119,River City Ransom
2136041956,DOOM 64
2136460296,Seek Hearts
2136524032,Chicory: A Colorful Tale
2137239411,Minute of Islands
2137426654,My Child Lebensborn
2137538060,Little Triangle
2138304024,Rec Room
2139029288,Space Station Sprint
2139059194,Primal Carnage
2139071220,Vera Blanc: Full Moon
2139570900,Nekketsu High School Dodgeball Club
2140021544,CASE: Animatronics
2140165399,Regions of Ruin
2140309950,Gravity Duck
2140805845,Wizards of Brandel
2140882795,Dr. Fetus' Mean Meat Machine
2140933132,Rocket League
2141647881,Tales from the Borderlands - Episode 1: Zer0 Sum
2141648684,Edna & Harvey: The Breakout - Anniversary Edition
2141672058,OVIVO
2141778943,Xeno Crisis
2142027917,Fallout Shelter
2142309066,WWE 2K Battlegrounds
2142930915,Rocket Arena
2143076844,Jay and Silent Bob - Mall Brawl
2143108784,ACA NEOGEO Gururin
2143308375,Lanternium
2143488853,Soccer Story
2143656879,ACA NEOGEO FOOTBALL FRENZY for Windows
2144211738,Chronicles of 2 Heroes
2144913935,Castlevania Anniversary Collection
2144997626,West of Dead
2145471987,My Memory of Us
2146442135,Let's Sing 2021
2146751396,Skelly Selest
2146903847,Paper Flight - Beyond Time
21471625,Torchlight 2
215134312,Dandara
217258585,Killing Floor 2
217420079,Maximum Football 2018
217802058,Darkest Dungeon®
219620906,ADIOS Amigos
219630713,Halo 5: Guardians
222473492,Cyberpunk 2077
225007476,Team Sonic Racing™
226054795,MONSTER HUNTER: WORLD™
229269603,Costume Quest
230716687,Biomutant
231339917,Call of Duty®: Black Ops
231674300,The Walking Dead: Season Two
232457702,Broken Age
233177124,Battle Islands: Commanders
233520013,Call of Duty®: Modern Warfare® 2
233904820,Midnight Club: Los Angeles Complete
23570566,Batman - The Telltale Series - Episode 1: Realm of Shadows
23963413,Mega Man Zero/ZX Legacy Collection
244291844,Far Cry® 3 Classic Edition
245236582,Celeste
24524637,Railway Empire
247124088,Shovel Knight: Treasure Trove
247373574,Xenon Racer
247546985,Destiny
252034287,The Elder Scrolls V: Skyrim Special Edition
252379691,Disintegration
253313631,Mafia II
253370787,>observer_
255325426,The Grand Tour Game
256364670,Battlefield™ V
25830915,Ninjin: Clash of Carrots
258602783,ZAMB! Redux
25952469,Kingdom Two Crowns
263635664,AeternoBlade
267248679,Phantom Dust
267695549,Fortnite
267850304,ATV Drift & Tricks Definitive Edition
268499227,Eventide 3: Legacy of Legends
269700535,Sniper Elite 3
271965907,Wasteland 3
273290529,Idle Champions of the Forgotten Realms
274219762,Dead Rising 2 Off the Record
275673036,Pillars of Eternity: Complete Edition
282062756,The Walking Dead: A New Frontier - Episode 1
283303390,Wreckfest
2837772,Arcade Islands: Volume One
284212046,MotoGP™18
285358298,Mortal Kombat 11
28588008,One Eyed Kutkh
288915516,Skyforge
290341563,Revolve
290870045,SpeedRunners
29206755,Think of the Children
293003647,Microsoft Wordament
293403523,Cartoon Network: Battle Crashers
29460747,Purple Chicken Spaceman
299988825,Ice Age: Scrat's Nutty Adventure
300490305,Claybook
300732950,The Food Run
301029247,Oddworld: New 'n' Tasty
301917535,Battlefield™ Hardline
303522429,At Sundown: Shots in the Dark
303584158,Sea of Solitude
303799945,Nickelodeon: Kart Racers
305444235,Turtle's Quest
306230746,Stardew Valley
307442698,The Turing Test
307808103,Pro Fishing Simulator
308190374,LEGO® Star Wars™: The Skywalker Saga
308514854,Outward
308535193,Gears of War 3
308654313,Overcooked! 2
309062877,1979 Revolution: Black Friday
312881568,Human Fall Flat
315488348,Too Human
315620102,Refunct
31939361,The Walking Dead: The Final Season
319764672,BELOW
320504455,Middle-earth™: Shadow of War™
320506923,Dead Rising 2
321656011,The Sims™ 4
322959720,Smoke And Sacrifice
324613498,I Hate Running Backwards
331135949,DOOM Eternal
331135949,DOOM Eternal (BATTLEMODE)
332913499,Fallout 76
333628240,Quantum Break
333701857,Mega Man X Legacy Collection
337857707,Bendy and the Ink Machine™
338690930,Forgotton Anne
338995079,Batman: The Enemy Within - Episode 1
339148107,Insurgency: Sandstorm
33936946,Zoo Tycoon: Ultimate Animal Collection
340271216,PLANET ALPHA
34077338,The Mooseman
34123030,Premium Pool Arena
341687485,3on3 FreeStyle
341719186,Guns Gore and Cannoli 2
342226876,ROBLOX
342495815,Perfect Dark
344311848,For The King
34441781,Saints Row®: The Third™ Remastered
346098390,Hotel Transylvania 3: Monsters Overboard
3462787,Disco Dodgeball - REMIX
346683864,Tom Clancy’s Ghost Recon® Wildlands - Standard Edition
346797032,MX vs ATV All Out
3469638,Degrees of Separation
349998775,Zuma's Revenge!
350075261,Marvel Heroes Omega
352040487,Tom Clancy's The Division® 2
352829845,OK K.O.! Let's Play Heroes
357858858,KINGDOM HEARTS Ⅲ
35799044,Alice: Madness Returns
35820305,Crackdown 3: Wrecking Zone
359105514,Shift Quantum
363713078,Sega Vintage Collection: Streets of Rage
364252200,Broken Sword 5 - the Serpent’s Curse
365797379,Supreme Commander 2
366337421,Borderlands: Game of the Year Edition
367004125,BioShock Remastered
36718263,Agatha Knife
367230746,Darksiders Genesis
367254866,Sleeping Dogs™ Definitive Edition
367399439,Dead Space™ Ignition
368677223,DYE
369157937,Marvel vs. Capcom: Infinite
369299403,Volgarr the Viking
370169912,Contrast
373947424,Grim Legends 3: The Dark City
374621264,RESIDENT EVIL 2
374923716,Gears 5
375727819,Haimrik
378040902,Salt and Sanctuary
378390466,Bejeweled 3
379174015,Grand Theft Auto IV
380646675,TETRA's Escape
382896606,Desperados III
383075131,Heavy Fire: Red Shadow
384396065,Unravel Two
386153688,FLYING TIGERS: SHADOWS OVER CHINA
387693234,Hawken
389597738,Terraria
391208155,Bully: Scholarship Edition
394654741,GoNNER - BLüEBERRY EDiTION
398011207,LIMBO
398211151,Star Wars Republic Commando
400142602,Costume Quest 2
400632601,Ninja Shodown
402049843,Black Desert
405775731,Surviving Mars
406842057,Dead Rising
406910760,Fear Effect Sedna
407534069,Neverwinter
409741425,Worms W.M.D
412423425,SWORD ART ONLINE Alicization Lycoris
414350736,Call of Juarez Gunslinger
415563833,DiRT Rally 2.0
415619002,Watch Dogs®2
415655737,Kunio-kun: The World Classics Collection
416597888,Hungry Shark® World
417616555,Magical Brickout
419349778,Defiance 2050
420309331,BIOHAZARD RE:3 Z Version
42119495,Killer Instinct Classic
421781609,The Walking Dead
422207632,Castle Crashers Remastered
422246343,Tom Clancy’s Rainbow Six® Extraction
423441812,Ashes Cricket
423941531,LEGO® Harry Potter™ Collection
42493731,Mystik Belle
427070178,FINAL FANTASY X/X-2 HD Remaster
428173642,The Walking Dead: The Final Season
433520651,A.O.T. Wings of Freedom
433738637,Adventure Time: Pirates of the Enchiridion
433988710,MASSIVE CHALICE
435507461,Dead Effect 2
439107693,Dungeon Defenders II
440973859,Fossil Hunters
442175237,Peggle
442930574,Perfect Dark Zero
444406800,My Little Riding Champion
446096627,Hard Reset Redux
446256697,My Time At Portia
446256697,My Time at Portia
446981050,Hitman: Absolution HD
447823571,Battlefield 1943™
447911394,Far Cry® 5
448463130,Mugsters
449394673,Vampyr
450748944,The Journey Down: Chapter Three
450770125,Bejeweled 2
45083076,Injustice™ 2
459887416,Medal of Honor Airborne
461678894,Owlboy
46350781,Animal Super Squad
465979625,UFC® 4
469396406,Airheart - Tales of broken Wings
470244957,LEGO Marvel Super Heroes
474102727,Omega Strike
474501413,RIDE 3
474535578,WARRIORS OROCHI 4
476517807,Gravel
478449077,World of Warships: Legends
482654991,The Mummy Demastered
482947130,Clicker Heroes
484274489,Hammerwatch
490460723,Arise
490838306,Fishing Planet
491582364,Need for Speed™ Heat
491595024,LEGO Batman
491950776,The Darkness
494547531,Mining Rail
495493033,Turok
496534680,Wolfenstein: Youngblood
4968325,The Journey Down: Chapter Two
497019090,Chasm
49709880,Anthem™
502034863,Assassin's Creed® Origins
502883447,Dead Island Retro Revenge
504085184,The Crew® 2 Standard Edition
504518218,L.A. Noire
504827243,Life Is Strange
508398230,Alteric
510943621,Gears of War 2
511110146,Metro: Last Light Redux
5117102,HITMAN™ 2
512770553,Crimson Skies®: High Road to Revenge™
513317848,Haunted Halloween '86
514006173,Batman: Return to Arkham - Arkham City
515050978,Rare Replay
515933320,Elea - Episode 1
518483923,The Infectious Madness of Doctor Dekker
519443170,Torment: Tides of Numenera
520619253,Mass Effect™ 3
521220464,Mass Effect 2
521446567,WORLD OF FINAL FANTASY MAXIMA
521892059,NORTH
521893123,ONE PIECE World Seeker
52209586,Sid Meier's Civilization Revolution
522156478,Riddled Corpses EX
522988823,LA Cops
523468027,Mega Man 11
524859112,Darksiders III
52620879,Scribblenauts Showdown
526928451,Dragon Age™ 2
527255540,Dishonored 2
53026046,Brütal Legend
530462567,The Witcher 3: Wild Hunt – Complete Edition
531437752,Rogue Company
533811602,Steel Rats™
537132957,Iron Wings
541339008,FIGHT NIGHT CHAMPION
542819315,Life is Strange: Before the Storm Episode 1
5433956,Dead Island Definitive Edition
5446773,Glass Masquerade
54480103,The Vanishing of Ethan Carter
545851415,All-Star Fruit Racing
547734537,Truck Racing Championship
548623535,SpongeBob SquarePants: Battle for Bikini Bottom - Rehydrated
549170316,The Elder Scrolls III: Morrowind
551688870,XCOM® 2
552332062,Black Mirror
552499398,Gears 4
552499398,Gears of War 4
555542903,Yoku's Island Express
556718860,Assassin's Creed IV Black Flag
558797228,Rocket League®
558873478,RGX: Showdown
559544937,Ori and the Blind Forest: Definitive Edition
560570291,Plants vs. Zombies
56112755,Defender's Quest: Valley of the Forgotten DX
562223664,Crackdown 2
56347639,Spyro™ Reignited Trilogy
563485628,War Planet Online: Global Conquest
563604094,Feeding Frenzy 2
565406974,LEGO® STAR WARS™: The Force Awakens
565429321,Battlefield Bad Company 2
566120507,RIOT - Civil Runrest
568182861,ASTRONEER
571156610,Earthfall
571417442,Gigantic Closed Beta
571487155,Dante's Inferno™
575414105,Life is Strange 2 - Episode 1
583196255,RAGE
58472989,Killer Instinct
585188640,Aces of the Luftwaffe - Squadron
585771792,WATCH_DOGS™
591141110,Narcos: Rise of the Cartels
591371027,Trove
591405932,Red Dead Redemption 2
591630310,Bloodstained: Curse of the Moon
593615886,Paladin
597771444,Gems of War
600509688,Thumper
601717133,TwinCop
605317845,Stern Pinball Arcade
605741753,The LEGO Movie 2 Videogame
606230808,Jack N' Jill DX
60633334,7 Days to Die
60656359,SOMA
60666752,Viva Piñata: TIP
606673599,Pumped BMX Pro
607267025,N++
607966981,FINAL FANTASY VII
608369389,Far Cry Primal
608522788,Battlefield 3™
609835635,The MISSING: J.J. Macfield and the Island of Memories
611794133,Just Dance 2019®
614678319,METAL GEAR RISING: REVENGEANCE
615247627,Alan Wake
616579628,Rocket Wars
617108076,BLACK™
618537566,The Outer Worlds
619731823,Star Wars Battlefront II
621760503,Big Crown: Showdown
623325843,Cuphead
62572131,The Wolf Among Us
625948041,Slime Rancher
627891457,Little Nightmares II
629270283,Gang Beasts
632816187,Oblivion
634298669,Bad North
635298240,The Walking Dead: Michonne - Ep. 1 In Too Deep
638965135,Descenders
63936462,Crysis 2
639411963,Metropolis: Lux Obscura
640703885,LEGO® Marvel's Avengers
642156375,Crash™ Team Racing Nitro-Fueled
644829211,Turok 2: Seeds of Evil
645502086,The Four Kings Casino and Slots
646403599,Kholat
648298719,Warhammer: Chaosbane
649279273,King's Quest™
649884307,InkSplosion
651709478,Emily Wants to Play Too
652901378,APB Reloaded
65384566,Jumanji
654631320,Dustoff Heli Rescue 2
654807089,Tomb Raider:Legend
654883159,The LEGO® NINJAGO® Movie Video Game
655312805,Desert Child
655366314,Fractured Minds
655591242,Far Cry® New Dawn
666757656,Rayman Legends
670545608,Armored Warfare
671675837,GRIP
671807457,Portal Knights
672427284,Perfect Dark Zero
6731207,Albert and Otto
67540629,The Bureau
676400860,FOX n FORESTS
676489959,Remothered: Tormented Fathers
680908276,Viva Piñata: TIP
680942588,STAR WARS Jedi: Fallen Order™
682404126,Paladins
682562723,Halo: Spartan Assault
684411144,Immortal: Unchained
68553410,Kingdom Come: Deliverance
686783342,Divinity: Original Sin 2 - Definitive Edition
687339341,Brawlhalla
688529719,STAY
688801930,Doritos Crash Course
689916261,Warhammer 40000: Inquisitor - Martyr
690974671,King's Heir: Rise to the Throne (Xbox One Version)
691951030,Deep Ones
693104257,The Station
693381002,LEGO® The Incredibles
696196977,DRAGON BALL XENOVERSE
699731308,BioShock Infinite: The Complete Edition
701037441,Age of Wonders: Planetfall
702634063,The Swapper
702883504,The Long Reach
705006443,Jurassic World Evolution
711335666,Gene Rain
712238930,Saints Row 2
712812384,BattleBlock Theater
717702870,OUTRIDERS
717702870,OutRiders
717702870,Outriders
718727066,Jagged Alliance: Rage!
720192428,Bud Spencer & Terence Hill - Slaps And Beans
721089814,Mercenary Kings
72159092,Crash Bandicoot™ N. Sane Trilogy
722006140,EA SPORTS™ UFC® 3
722694197,Sherlock Holmes: The Devil's Daughter
723253592,Rebound Dodgeball Evolved
724369121,Saints Row
725442241,Darksiders Warmastered Edition
728655825,Plants vs. Zombies™ Garden Warfare 2
72959529,The Witcher 2
731662901,Monster Energy Supercross - The Official Videogame
731954142,Noir Chronicles: City of Crime
735446928,LOST ORBIT: Terminal Velocity Edition
736226383,Vegas Party
739162823,Heavy Weapon
739464821,South Park™: The Fractured but Whole™
746727932,Gears of War: Judgment
747082716,Hexic HD
748474487,Cities: Skylines - Xbox One Edition
749311689,Plants vs. Zombies: Battle for Neighborville™
749916287,Dead Rising 4
752021844,Fable II
754515329,AngerForce: Reloaded
75584766,Trine 4: The Nightmare Prince
756981192,Borderlands 3
756981192,Borderlands®3
757817533,PRO EVOLUTION SOCCER 2019
758563081,Horizon Chase Turbo
760882151,CRSED: F.O.A.D.
765558687,Lost Grimoires 2: Shard of Mystery
770775860,RESIDENT EVIL 3
772540041,Next Up Hero
773588741,RICO
774459605,Flashback
777107394,DayZ
778803087,Spacelords
780657355,Past Cure
783532113,Wheelspin Frenzy
783973363,Dead Island 2
784003877,Agents vs Villain
790047319,Sekiro™: Shadows Die Twice
791051466,Disneyland Adventures
791545701,Goat Simulator
792158305,Call of Duty®: Black Ops 4
792180643,Persian Nights: Sands of Wonders
794552001,The Binding of Isaac: Rebirth
796591268,Crysis
798157111,State of Anarchy: Master of Mayhem
798989874,Decay of Logos
801251286,Stick Fight: The Game
802418004,RESIDENT EVIL RESISTANCE
803175056,MXGP PRO
80579825,Call of Duty: Black Ops III
806435492,Road Redemption
806794764,Override: Mech City Brawl
808875531,Kameo
809633738,Fable III
809710057,Serial Cleaner
810085329,Mirror's Edge™
810101074,Dead Cells
813477937,Battlefield: Bad Company
814179944,Banjo-Kazooie
819720203,JUMP FORCE
821136798,DC Universe Online
821527019,死印
821886458,LEGO® Batman™ 2
822567888,Danger Zone
823074212,Jetpac Refuelled
823524527,UglyDolls: An Imperfect Adventure
82367207,Farmer's Dynasty
824378203,Crackdown 3
824378203,Crackdown 3: Campaign
82653045,Starlink: Battle for Atlas
826545257,Tomb Raider: Definitive Edition
827319667,Space Hulk: Tactics
830649354,Dying Light
830718665,DRAGON BALL Z: KAKAROT
831224608,Need for Speed™ Payback
83162889,Candle: The Power of the Flame
833960563,STAR WARS™ Battlefront™ II
834001943,Dying Light 2 Stay Human
836165876,The Ascent
837917131,Deep Rock Galactic
838037674,Sonic Adventure
838726055,PRO EVOLUTION SOCCER 2018
838746653,Phoenix Wright: Ace Attorney Trilogy
840116976,World of Tanks
840545531,Dead Space™ 3
843161586,Time Carnage
843167706,The Invisible Hours
846450581,Hyper Universe
847310458,South Park™: The Stick of Truth ™
84790147,Watch Dogs: Legion
848358954,Crysis® 3
848717329,Peggle 2
850034103,Killer Instinct 2 Classic
850118036,Generation Zero®
852417661,Default Title
852431422,ReCore: Definitive Edition
852732437,State of Decay: Year-One
85494077,Microsoft Solitaire Collection
856892583,Darksiders II Deathinitive Edition
857446909,Chaos on Deponia
858859839,Catastronauts
859011533,Assassin's Creed® III Remastered
8597225,Gears of War
859843286,Hellblade: Senua's Sacrifice
860666361,Plants vs. Zombies Garden Warfare
861848890,Stacking
861949148,What Remains of Edith Finch
862712929,Star Trek Online
866155904,RAZED
867642949,LEGO® Worlds
868315097,Gem Smashers
869175187,A Way Out
870299798,Carnival Games®
871098991,STAR WARS™: Squadrons
87240795,Tyler: Model 005
872826607,Vigor
872892922,DEUS EX: HUMAN REVOLUTION
87350449,NieR:Automata™ BECOME AS GODS Edition
874691210,This War of Mine: The Little Ones
877234282,Portal 2
880031210,NBA LIVE 19
880413309,Amnesia: Collection
880418401,AO Tennis
880657099,Chronos
88086791,A KING'S TALE: FINAL FANTASY XV
882567557,Hand of the Gods
882850648,Road to Ballhalla
883004381,skate. (2007)
884612576,Sonic Mania
885488152,INSIDE
886160354,Dragon Age: Origins
890454034,The Dark Pictures Anthology: Man Of Medan
893395429,Rust Console Edition
893951440,The Walking Dead: Season Two
896928775,Minecraft for Windows
899354932,Viva Piñata
901516198,The Surge 2
901962824,KartRider: Drift
903098188,Strange Brigade
903306295,Shining Resonance Refrain
903593533,Path of Exile
904189395,Deployment
907086072,Prey
907587004,Dead Island: Riptide Definitive Edition
908941238,Mark of the Ninja: Remastered
909545209,Ashen
911650903,Evoland Legendary Edition
912199926,Yet Another Zombie Defense HD
912254227,Pit People
912832008,WRC 7 FIA World Rally Championship
913091269,INVERSUS Deluxe
913783821,Shadow of the Tomb Raider
914276891,RAGE 2
91505344,Fuzion Frenzy®
918284490,BIOHAZARD RE:2 Z Version
919503560,Super Destronaut DX
91967131,Dimension Drive
921016611,Crossout
923296121,Defunct
924775200,Devil May Cry 5
926156714,Onimusha: Warlords
926240545,Planet of the Apes: Last Frontier
926771636,Tom Clancy's Rainbow Six® Siege
927474846,Firewatch
92932164,STAR WARS™ - Knights of the Old Republic™
93105265,Friday the 13th: The Game
931749230,Sonic Adventure™ 2
933693396,ŌKAMI HD
933861998,Call of Juarez: Bound in Blood
936257454,Asemblance: Oversight
93901068,Ruiner
939155231,The Council - Episode 1: The Mad Ones
939615894,Paw Patrol: On a Roll
939695563,Hotshot Racing
940586683,Wizard of Legend
940594756,World War Z
943719970,GRID
944228222,Journey to the Savage Planet
945282628,Drunk-Fu: Wasted Masters
945909358,Subnautica
945976112,Rush: A DisneyPixar Adventure
945976112,Rush: A DisneyPixar Adventure
94618376,Overwatch® 2
947593055,What the Box?
950328474,PUBG: BATTLEGROUNDS
954605110,Assassin’s Creed® Rogue Remastered
956568979,Need for Speed Rivals
956590734,Mega Man Legacy Collection 2
957732994,Spiral Splatter
961090289,Tom Clancy's Ghost Recon® Breakpoint
961090289,Tom Clancy’s Ghost Recon® Breakpoint
963097868,BLiNX: The Time Sweeper
963702216,Crayola Scoot
964019698,Immortals Fenyx Rising™
964214247,Saints Row IV: Re-Elected
964706972, No Man's Sky
964706972,No Man's Sky
964785867,Dead Space™ 2
964818375,Assassin's Creed® Odyssey
967641964,Realm Royale
967641964,Realm Royale Reforged
969381141,A Plague Tale: Innocence
971220532,NBA 2K Playgrounds 2
972249091,Grand Theft Auto V
972461615,Battle Islands
974041664,Fade to Silence
975783814,Gekido Kintaro's Revenge
975846135,LEGO® DC Super-Villains
976905576,Dragon Age™: Inquisition
978050046,ShellShock Live
979290592,Call of Juarez: The Cartel
980944365,Need for Speed™
983730484,ARK: Survival Evolved
984363462,Graveyard Keeper
984939821,Jump Step Step
988203152,Stellaris: Console Edition
991397944,Babylon 2055 Pinball
992005658,Ninja Gaiden Black
992058215,Kameo
995095203,Warface
995337746,Brief Battles
996030243,BioShock 2 Remastered
996619018,The Sinking City
